1,Mylo
2,Chelsey
3,Tabby
4,Cleopatra
5,Pierrette
6,Darb
7,Friederike
8,Hamlen
9,Kermie
10,Gipsy
11,Jarid
12,Dion
13,Madalena
14,Cristionna
15,Griffy
16,Lazare
17,Rafaelia
18,Florenza
19,Carley
20,Irma
21,Briant
22,Ignace
23,Mordy
24,Sigfried
25,Jared
26,Rodrigo
27,Lorelle
28,Gayleen
29,Ellie
30,Nobie
31,Sterling
32,Codi
33,Jany
34,Carlynn
35,Alanah
36,Marline
37,Temple
38,Marquita
39,Mano
40,Austen
41,Alleyn
42,Colin
43,Brian
44,Mabel
45,Petronilla
46,Tania
47,Ellynn
48,Chryste
49,Joete
50,Ara
51,Kameko
52,Amitie
53,Rosaline
54,Raffaello
55,Alvina
56,Leland
57,Jephthah
58,Bamby
59,Athena
60,Patrica
61,Rubie
62,Nadya
63,Melisa
64,Taryn
65,Tana
66,Jackie
67,Regan
68,Phebe
69,Maxy
70,Meagan
71,Cristian
72,Sallyann
73,Jenny
74,Minetta
75,Brita
76,Florence
77,Glen
78,Linnie
79,Chuck
80,Gaynor
81,Irv
82,Karon
83,Glennis
84,Marwin
85,Elicia
86,Wynn
87,Stace
88,Winn
89,Theo
90,Ara
91,Stearne
92,Silas
93,Dyanne
94,Rafaello
95,Pepito
96,Louis
97,Alejandro
98,Nap
99,Haskell
100,Ichabod
101,Larisa
102,Burtie
103,Irwin
104,Raddie
105,Britni
106,Tory
107,Elwyn
108,Elvis
109,Rogerio
110,Shelbi
111,Charyl
112,Killie
113,Patric
114,Amitie
115,Mariana
116,Tann
117,Oneida
118,Alfred
119,Donetta
120,Eben
121,Gerianna
122,Dulce
123,Hollie
124,Grissel
125,Mendie
126,Brennan
127,Janie
128,Haley
129,Allard
130,Rance
131,Ulric
132,Zachariah
133,Erskine
134,Jermayne
135,Emilia
136,Eugene
137,Lenora
138,Travers
139,Mimi
140,Clevie
141,Lucian
142,Cash
143,Hyatt
144,Eachelle
145,Nevins
146,Chrotoem
147,Marena
148,Teresa
149,Dore
150,Fletcher