1,Mylo
2,Chelsey
3,Tabby
4,Cleopatra
5,Pierrette
6,Darb
7,Friederike
8,Hamlen
9,Kermie
10,Gipsy
11,Jarid
12,Dion
13,Madalena
14,Cristionna
15,Griffy
16,Lazare
17,Rafaelia
18,Florenza
19,Carley
20,Irma
21,Briant
22,Ignace
23,Mordy
24,Sigfried
25,Jared
26,Rodrigo
27,Lorelle
28,Gayleen
29,Ellie
30,Nobie
31,Sterling
32,Codi
33,Jany
34,Carlynn
35,Alanah
36,Marline
37,Temple
38,Marquita
39,Mano
40,Austen
41,Alleyn
42,Colin
43,Brian
44,Mabel
45,Petronilla
46,Tania
47,Ellynn
48,Chryste
49,Joete
50,Ara
51,Kameko
52,Amitie
53,Rosaline
54,Raffaello
55,Alvina
56,Leland
57,Jephthah
58,Bamby
59,Athena
60,Patrica
61,Rubie
62,Nadya
63,Melisa
64,Taryn
65,Tana
66,Jackie
67,Regan
68,Phebe
69,Maxy
70,Meagan
71,Cristian
72,Sallyann
73,Jenny
74,Minetta
75,Brita
76,Florence
77,Glen
78,Linnie
79,Chuck
80,Gaynor
81,Irv
82,Karon
83,Glennis
84,Marwin
85,Elicia
86,Wynn
87,Stace
88,Winn
89,Theo
90,Ara
91,Stearne
92,Silas
93,Dyanne
94,Rafaello
95,Pepito
96,Louis
97,Alejandro
98,Nap
99,Haskell
100,Ichabod
101,Larisa
102,Burtie
103,Irwin
104,Raddie
105,Britni
106,Tory
107,Elwyn
108,Elvis
109,Rogerio
110,Shelbi
111,Charyl
112,Killie
113,Patric
114,Amitie
115,Mariana
116,Tann
117,Oneida
118,Alfred
119,Donetta
120,Eben
121,Gerianna
122,Dulce
123,Hollie
124,Grissel
125,Mendie
126,Brennan
127,Janie
128,Haley
129,Allard
130,Rance
131,Ulric
132,Zachariah
133,Erskine
134,Jermayne
135,Emilia
136,Eugene
137,Lenora
138,Travers
139,Mimi
140,Clevie
141,Lucian
142,Cash
143,Hyatt
144,Eachelle
145,Nevins
146,Chrotoem
147,Marena
148,Teresa
149,Dore
150,Fletcher
151,Evelin
152,Mose
153,Dewitt
154,Felicia
155,Norris
156,Georges
157,Madalena
158,Lucio
159,Efren
160,Donia
161,Mark
162,Silvio
163,Alfredo
164,Griff
165,Esteban
166,Shanna
167,Farrand
168,Georgeanne
169,Laverne
170,Biddy
171,Bax
172,Basilio
173,Selina
174,Carolann
175,Vin
176,Judon
177,Lila
178,Bartholomeus
179,Jesse
180,Helene
181,Winifield
182,Andonis
183,Rab
184,Jori
185,Kaja
186,Rosa
187,Sylvan
188,Whitney
189,Hilly
190,Sandy
191,Elliot
192,Frankie
193,Alika
194,Clayton
195,Lyda
196,Amanda
197,Gayleen
198,Moore
199,Nikolia
200,Eleanor
201,Burg
202,Granger
203,Miner
204,Brietta
205,Rana
206,Shadow
207,Chiarra
208,Millie
209,Shoshana
210,Seward
211,Sosanna
212,Lannie
213,Alvera
214,Kit
215,Brade
216,Ezequiel
217,Stacee
218,Mercedes
219,Barry
220,Harriott
221,Arabele
222,Ray
223,Alexander
224,Lewie
225,Alessandro
226,Susanne
227,Rodolphe
228,Boigie
229,Flor
230,Cheri
231,Nada
232,Opalina
233,Solomon
234,James
235,Duane
236,Paton
237,Philis
238,Hedy
239,Shurlocke
240,Ruy
241,Elinore
242,Fair
243,Brandon
244,Gualterio
245,Ferrell
246,Libbi
247,Ethyl
248,Lorens
249,Roth
250,Tate
251,Iain
252,Krispin
253,Neely
254,Gypsy
255,Stefan
256,Phil
257,Essy
258,Lizbeth
259,Rollo
260,Kristy
261,Ted
262,Arnold
263,Cynde
264,Barbabas
265,Coletta
266,Maurita
267,Vi
268,Jimmy
269,Berton
270,Jephthah
271,Dame
272,Flor
273,Clemmy
274,Marshal
275,Elonore
276,Christan
277,Rolfe
278,Orel
279,Tamra
280,Kamillah
281,Angeli
282,Ruthanne
283,Esther
284,Clemmie
285,Neala
286,Nanny
287,Olivia
288,Catherin
289,Chico
290,Catrina
291,Lonna
292,Costanza
293,Seamus
294,Shelli
295,Sarene
296,Antonius
297,Petra
298,Warden
299,Heather
300,Dieter
301,Miquela
302,Mab
303,Emmanuel
304,Maible
305,Becky
306,Kissee
307,Shanan
308,Tibold
309,Clay
310,Corey
311,Cordie
312,Hatti
313,Wilmar
314,Nerta
315,Clara
316,Dawna
317,Aubine
318,Alva
319,Dru
320,Archaimbaud
321,Jodie
322,Janeen
323,Mae
324,Flo
325,Shoshana
326,Valeria
327,Christian
328,Cordie
329,Amii
330,Sutton
331,Margit
332,Dotty
333,Denys
334,Sabra
335,Blondell
336,Dallon
337,Matthieu
338,John
339,Vanna
340,Eldin
341,Liv
342,Edwina
343,Fan
344,Johnny
345,Pauly
346,Weidar
347,Elane
348,Delly
349,Karlens
350,Claretta
351,Brear
352,Leif
353,Armando
354,Tome
355,Cecilio
356,Holly
357,Frankie
358,Marget
359,Arabelle
360,Felipa
361,Bria
362,Tiffanie
363,Gillian
364,Clare
365,Winn
366,Ardenia
367,Gabriel
368,Irv
369,Jermaine
370,Mair
371,Berti
372,Hatty
373,Damiano
374,Roldan
375,Hamlen
376,Haydon
377,Tremaine
378,Lockwood
379,Betty
380,Melisande
381,Jackson
382,Oralia
383,Kanya
384,Somerset
385,Raimund
386,Cosette
387,Hesther
388,Franklyn
389,Cherry
390,Gwen
391,Natalee
392,Findlay
393,Nerta
394,Coletta
395,Kearney
396,Trevar
397,Lotte
398,Modestia
399,Cornelle
400,Maritsa
401,Noelle
402,Celestyna
403,Carmelle
404,Doralyn
405,Antonin
406,Johann
407,Otis
408,Brent
409,Josefa
410,Francklin
411,Isacco
412,Carine
413,Albie
414,Stacie
415,Myrna
416,Margy
417,Karrie
418,Juan
419,Antoni
420,Cornall
421,Derby
422,Tiphanie
423,Coop
424,Demott
425,Lindy
426,Darby
427,Yorgo
428,Carmelita
429,Winna
430,Idette
431,Madison
432,Isidor
433,Josephina
434,Carissa
435,Dalia
436,Nevile
437,Ernestine
438,Loreen
439,Nathaniel
440,Zarla
441,Ulberto
442,Matt
443,Lamar
444,Cati
445,Newton
446,Abbi
447,Darcie
448,Geri
449,Angela
450,Duane
451,Thaddeus
452,Ethelyn
453,Luciana
454,Perla
455,Irwin
456,Nathalie
457,Andris
458,Dagny
459,Britteny
460,Kathy
461,Giffie
462,Desiri
463,Babbie
464,Davie
465,Eimile
466,Ethelyn
467,Godart
468,Violette
469,Linda
470,Fan
471,Opaline
472,Allix
473,Anson
474,Sherman
475,Ashlee
476,Conrad
477,Sol
478,Nigel
479,Layton
480,Anstice
481,Deana
482,Cece
483,Leann
484,Aubert
485,Benedicta
486,Daryn
487,Cory
488,Kala
489,Leoine
490,Palmer
491,Berkie
492,Kayla
493,Haily
494,Cesare
495,Ania
496,Rosalind
497,Albert
498,Chrystel
499,Morna
500,Shelagh
