1,a
2,b
3,c
4,d
5,e
6,f
7,g
8,h
9,i
10,j
11,k
12,l
13,m
14,n
15,o
16,p
17,q
18,r
19,s
20,t
21,u
22,v
23,w
24,x
25,y
26,z
27,a
28,b
29,c
30,d
31,e
32,f
33,g
34,h
35,i
36,j
37,k
38,l
39,m
40,n
41,o
42,p
43,q
44,r
45,s
46,t
47,u
48,v
49,w
50,x
51,y
52,z
53,a
54,b
55,c
56,d
57,e
58,f
59,g
60,h
61,i
62,j
63,k
64,l
65,m
66,n
67,o
68,p
69,q
70,r
71,s
72,t
73,u
74,v
75,w
76,x
77,y
78,z
79,a
80,b
81,c
82,d
83,e
84,f
85,g
86,h
87,i
88,j
89,k
90,l
91,m
92,n
93,o
94,p
95,q
96,r
97,s
98,t
99,u
100,v
101,w
102,x
103,y
104,z
105,a
106,b
107,c
108,d
109,e
110,f
111,g
112,h
113,i
114,j
115,k
116,l
117,m
118,n
119,o
120,p
121,q
122,r
123,s
124,t
125,u
126,v
127,w
128,x
129,y
130,z
131,a
132,b
133,c
134,d
135,e
136,f
137,g
138,h
139,i
140,j
141,k
142,l
143,m
144,n
145,o
146,p
147,q
148,r
149,s
150,t