100,Mylo
200,Chelsey
300,Tabby
400,Cleopatra
500,Pierrette
600,Darb
700,Emmott
800,Harmonia
900,Ruperto
1000,Dorian
1100,Roshelle
1200,Conway
1300,Geri
1400,Emelyne
1500,Sophey
1600,Candida
1700,Chloe
1800,Frans
1900,Annabelle
2000,Leann
2100,Bella
2200,Ben
2300,Chris
2400,Davey
2500,Edward
2600,Frank
2700,George
2800,Hank
2900,Ian
3000,Jack
3100,Kevin
3200,Liam
3300,Mark
3400,Nate
3500,Owen
3600,Paul
3700,Quinn
3800,Ryan
3900,Sean
4000,Tom
4100,Will
4200,Zack
4300,Abby
4400,Brooke
4500,Cara
4600,Dana
4700,Emma
4800,Faith
4900,Grace
5000,Holly
5100,Ivy
5200,Jane
5300,Kate
5400,Lily
5500,Mia
5600,Nora
5700,Olivia
5800,Penny
5900,Quincy
6000,Rose
6100,Sarah
6200,Tina
6300,Una
6400,Vera
6500,Wendy
6600,Xena
6700,Yasmin
6800,Zara
6900,Ada
7000,Bea
7100,Claire
7200,Dora
7300,Eliza
7400,Fay
7500,Gwen
7600,Hazel
7700,Ina
7800,June
7900,Kay
8000,Lena
8100,Mae
8200,Nell
8300,Olive
8400,Pearl
8500,Quinn
8600,Ruby
8700,Sadie
8800,Tess
8900,Una
9000,Violet
9100,Willow
9200,Xena
9300,Yara
9400,Zara
9500,Adam
9600,Benjamin
9700,Charles
9800,Daniel
9900,Ethan
10000,Finn
10100,George
10200,Harry
10300,Isaac
10400,James
10500,Kaden
10600,Liam
10700,Mason
10800,Noah
10900,Oliver
11000,Parker
11100,Quinn
11200,Ryan
11300,Sebastian
11400,Thomas
11500,William
11600,Xander
11700,Yeager
11800,Zachary
11900,Amelia
12000,Beatrice
12100,Charlotte
12200,Daisy
12300,Ella
12400,Fiona
12500,Grace
12600,Hazel
12700,Isabella
12800,Julia
12900,Kate
13000,Lily