A.gif,7C02-wOeqtLhl-5R730P38-qLr-6F5-6-s-53V5-ggUt,6
AFeugiat.avi,4G46-fRcpnZsu-8X710V49-hCp-9L9-5-c-23P7-ktZu,2
AIpsumInteger.xls,0E45-pGuhvKfa-4J138Q26-aWw-5L6-4-a-43B9-haSj,1
ANibh.ppt,0J24-yYotmGtt-8F968U70-dVk-7A2-9-v-89T9-jvDa,1
APede.jpeg,1S59-uVtiqMog-2F676V31-jLs-9D4-9-k-23X1-srIy,5
ASuscipit.mp3,7A63-uEsbyXzf-2X867O35-sHn-0S9-1-w-31L9-ekHp,7
ASuscipit.ppt,3G04-kYvfgDki-0W955Y93-nYr-5Z7-6-i-28V3-xgXj,6
Ac.avi,7L41-mJtedRex-9O359V50-tMv-2C6-4-o-09U9-dlPh,6
Ac.ppt,0W73-pRakuKhc-5M616L04-bLk-0Z0-8-m-62S1-xvSw,1
Ac.xls,5M85-dAlfiUej-6N200A30-qCs-3N0-7-d-53S9-fiAm,4
AcConsequatMetus.avi,8A87-qRvowYnj-9K462I62-xYz-0Y3-2-f-60D8-vhQv,4
AcEst.ppt,1T94-cEvkpKhy-0W966S87-eJo-3T1-7-l-65N2-vhLa,3
AcEst.tiff,0Z04-fWgjzMvs-6J731W72-eJm-6R7-6-k-90Q2-fkEb,3
AcEst.xls,0I44-qExtfJvr-2Q506J24-cHp-6N8-7-d-76B1-exKh,6
AcEstLacinia.doc,8S64-aLspeRfr-4R523J39-rZv-9E9-2-z-53I6-wfKg,6
AcLobortis.ppt,6B58-gNnpwIlz-4S564T60-tFq-9R7-3-p-00S3-mhGd,7
AcNeque.mpeg,4R12-iPyczJwb-2A537S28-jZp-0S2-3-z-96H0-mrIp,5
AcNulla.mov,2X17-vYnwwRye-8V302W81-nRg-7Z0-6-o-02C4-rrWw,4
Accumsan.avi,6G31-fYhxaCvy-2J988M58-kVu-5B5-8-n-48Z9-neFy,3
Accumsan.ppt,4M31-jSuvjUlc-8Y736H27-zCz-0R7-0-i-00C0-qrWb,4
AccumsanFelis.pdf,1D26-lAymaDkk-1S406C10-nFo-7H4-6-b-49I5-zpOz,5
AccumsanFelisUt.avi,4A41-pHuzlOra-6U288H90-cVl-8E9-3-m-20W3-qlCk,6
AccumsanTellusNisi.avi,1O57-lPcblIty-0K626H01-wHp-2N1-1-l-00V0-rxBg,4
AccumsanTortorQuis.txt,3T70-mCvmiWxw-6M864B77-qDv-2V1-0-d-96H4-lcZo,5
Adipiscing.pdf,5L91-bCcrsBty-9J840J93-tBg-6M0-3-w-64G7-irOe,7
Adipiscing.tiff,0K52-pPuzhNge-5R516Y61-zRz-6J3-1-x-55W4-gtXs,7
AdipiscingElit.jpeg,6B71-dNyzhDhs-7K545V55-lLu-5U2-5-u-89X8-shXf,6
Aenean.doc,1G72-nKvfvSzc-4H693U51-qHg-7M4-7-y-23W1-fhMu,4
Aenean.ppt,2V52-eMsniCix-2H779W34-tXk-5V2-1-i-20Q3-ufKq,5
AeneanAuctorGravida.xls,3D37-tYdqpVfc-9X196A84-cAa-5W1-7-p-15T2-jwXs,7
AeneanLectusPellentesque.pdf,5F20-oVupeCxd-3J237R57-wVr-5I4-8-l-49N1-nxUl,6
Aliquam.png,2A98-tImtjFrs-3E622R02-iVo-3X8-3-y-37E7-crAq,1
Aliquam.ppt,2Z75-cUsndQkj-7A475L04-pLj-7K7-2-b-58V6-fvXc,1
Aliquam.ppt,7E70-oWhuhCpp-2F630Z20-kKd-0B8-3-h-02V8-gvCi,1
AliquamAugue.tiff,1F15-xStyrLls-0Z426W45-nYm-8K3-3-n-01R7-duLc,6
AliquamAugueQuam.xls,8E11-zStepKst-7R947P66-fDb-7Y4-9-z-33B3-kwNg,3
AliquamNonMauris.png,5P54-tQulyVml-1E043B83-cUw-3B0-3-z-40Y8-vrYx,5
AliquamQuisTurpis.mov,3W14-lThzoPvp-3Z081U68-tBo-4Z4-4-z-46P7-gmYw,5
AliquamSit.avi,5E87-lSuxzTjx-9N053X76-kEv-5P2-4-n-52O4-anTo,5
AliquamSit.xls,1M57-gPdpuBlb-0D278W19-yMk-9K5-8-p-57A3-gjTc,3
AliquetPulvinar.txt,2R60-bQupeDoc-9R651Z53-aEc-6P7-5-r-29W9-bzRg,7
AliquetUltrices.mp3,2M43-gIihvQzk-1S908J08-iYa-7D5-1-n-03X4-nxYd,6
Amet.mpeg,7J16-mHbvlHsj-5C685H53-qUn-3E1-9-m-93O7-abEl,3
AmetConsectetuerAdipiscing.xls,2S18-hMvtcKub-8G267W50-iPc-1O5-8-o-33I7-huNe,7
AmetCursusId.pdf,5H11-rHsvwRew-3C396K74-kMh-9M3-0-d-98B2-nuGq,5
AmetCursusId.ppt,8L19-uCueuDgs-4Z950I24-sXl-8G7-0-u-87T1-dgEl,2
AmetDiamIn.txt,8C98-aIsvcIea-3J487G04-vKm-1A9-8-a-43M0-wwYi,2
AmetEleifend.mov,6M78-dHaipFeq-3Q320H94-tOi-4T6-9-h-59Q2-gmKs,5
AmetEleifend.mp3,0W84-vPqknLst-4O326J05-nUi-9B6-2-o-34V5-jtIp,6
AmetEleifend.tiff,6W87-zKlahIpv-9F152Y27-wFw-7V8-4-w-99K8-ocLr,5
AmetErat.mp3,1Y07-yQkobDys-4F638E56-wKc-0O2-5-g-25E8-mxAf,7
AmetErat.txt,6G68-kGgpbFbo-5U203U87-hQk-6X4-2-a-73H8-ltDs,1
AmetLobortis.mp3,8S09-tTdlwJis-5B394L42-jVt-0O3-1-r-38Q0-gnDe,7
AmetNuncViverra.doc,7S75-tJojeXlt-8C040J34-fSg-9O2-0-m-64F7-dlKj,2
AmetSem.gif,4E14-mDfxrBsi-0Y403W69-aRu-8V9-6-y-14Y6-eiAy,3
AmetSemFusce.avi,8W95-bMzqoOfc-2W611J34-hYg-7Z9-9-i-24X1-tdMz,2
Ante.tiff,6Y71-rQetxUui-3F831R41-sYi-1F1-6-g-80X1-gwAd,3
Ante.tiff,5V25-fVoqrNbz-1G998J32-xRo-9T5-2-s-70X2-riRi,1
Ante.txt,1F63-nBiogAlv-0D848R69-pCr-8E1-0-p-55K6-bzXv,3
Ante.xls,8I01-aInerDbf-3U266L52-mOx-2K5-5-m-95U1-zoTm,7
AnteIpsum.avi,0X96-tZcikIqx-1I143P47-dFs-3J7-5-j-87I6-rjDj,1
AnteIpsum.xls,2G30-gYcoxLee-7S786X85-gMo-5K7-7-b-76I7-zcPe,7
AnteVel.mov,5H09-tWqmhPon-7X525Q44-bCt-2D6-6-h-42Y0-waIl,2
AnteVel.tiff,2H19-oXjqyXzd-0Q695E09-uUs-7Y7-0-l-88W6-fzFk,6
AnteVestibulum.txt,6M17-oEhliSxs-0Y350C17-yUy-4T9-0-q-86E5-ukXc,2
AnteVestibulum.xls,5H73-xOkkyPew-1T597M56-lOp-2Y8-5-z-73Y0-stIe,3
AnteVivamus.avi,0J77-hNglaSww-6N061Q03-jEx-6Y7-9-r-98K3-kwXt,5
AnteVivamusTortor.png,9R53-hIxxiGvz-5H169N08-iLa-9M1-1-e-68D9-qoLs,5
ArcuAdipiscing.doc,7X79-fGtkxVvk-5X326R95-yFx-6C9-2-o-17D9-mjNh,4
ArcuSed.xls,6M31-eRkozFhp-5U251F92-tRg-9C3-6-d-46Z9-zbAw,5
At.avi,8I89-tDewgJwp-8N804U06-dVq-1Y6-2-p-15Z4-pnOn,2
At.avi,7W68-fDqqcMsr-7Y389T16-tYp-1L8-6-k-59A1-laTs,5
At.jpeg,0S29-dMracHkg-5T105O28-pIi-9I2-8-f-46W4-edKq,7
At.jpeg,4T25-gDkteRrk-9L187L04-cLk-6N3-9-m-98U1-yaUe,6
At.mp3,3T91-mCthoVhx-3U637J08-eYz-5K3-1-e-01P5-dgTh,4
At.ppt,2J48-pZdxuXng-2B484U52-nWk-3I2-6-x-34K1-opSx,6
At.xls,7K13-aYkijNwh-0Z947P48-sWo-7F0-3-q-48R2-boGa,2
AtDiam.mp3,2H95-hIpxgGhn-9L740X10-qBg-1O2-8-m-30W3-cmDm,5
AtNibh.gif,3R83-vEeoqZuj-3I338Q26-kQx-5D1-8-y-92Y6-plLw,6
AtNulla.ppt,0O35-hTjutOic-4D352G16-cKp-1H0-5-q-25C8-tmKy,2
AtNulla.xls,0D08-oZxhmUti-3S623W94-kSi-7T3-8-z-11O2-nhKy,3
AtTurpis.mp3,9I89-yKlklEzj-4T059L14-aTy-1C6-6-w-68G1-xkTc,2
AtTurpis.mp3,0C35-oHcmcOug-2R624T60-qXu-3E4-3-m-92J8-ldBr,4
AtTurpisDonec.tiff,2T02-dWhvrUuy-3S062X53-lBh-7M5-0-z-21Y9-vwCg,5
AtVelitEu.gif,5X40-aUhqjSdl-8X743D72-yQn-6A1-6-b-83X3-upRs,1
AuctorSed.tiff,3R79-vHrweXjc-2R573Q46-eTz-3O8-2-l-23Y2-hgNf,3
Augue.jpeg,0R36-bDnolTuw-1U748Q57-zWt-6C4-7-o-67B0-oeMn,6
Augue.mp3,1I50-cAlqrMog-5Q852M16-vRf-3B6-9-x-64P8-fjCp,3
Augue.pdf,5I19-vTfooQou-2U111V41-fSd-7F0-9-t-27N0-pyFr,4
Augue.tiff,9M50-nRwzjRxk-3Q178Y78-sSc-1B0-7-c-47B8-ucWj,3
AugueA.pdf,3V55-tNecgFkh-2Z194H08-aNw-8Z8-0-o-38V9-slPu,5
AugueASuscipit.jpeg,8Y07-gKafdWwb-3E714W31-hXu-5Q5-2-t-61P1-ueGp,7
AugueASuscipit.jpeg,5L08-dUepbUwn-8H358Q44-lXk-0Q9-6-p-02Q4-mjNb,5
AugueAliquamErat.xls,9A20-jAdauZal-6Y556G70-hBa-5N8-5-l-00Z0-vnWd,1
AugueLuctus.png,8H93-gMllzAxt-8H583B01-uKu-6T6-5-t-54E0-maUn,6
AugueLuctus.ppt,6S79-dPboyRjh-1O420U49-gMp-8A4-6-k-08O5-roLk,6
AugueVelAccumsan.xls,6E03-zCvzmWxo-3V774K82-lGi-5P3-6-t-55A2-okXj,4
BibendumFelis.xls,6R36-xDjicQve-5Z965X86-qTg-4H5-3-n-53U1-qdHc,7
BibendumImperdiet.mp3,2N22-gCospUol-4E421L31-jUp-6M4-5-m-96H9-gfXi,2
Blandit.ppt,4D59-bWswhKtr-6U695W69-vWs-9Y1-0-n-91Y8-kfAx,7
Blandit.tiff,0V53-tIvqaJrg-0X815K14-sVm-9T7-3-q-76R4-bmMp,4
BlanditLaciniaErat.xls,7C06-cKladLzu-5O081F36-uHk-9Q0-7-q-84J4-jsVi,7
BlanditMi.doc,3V69-rKceeRnr-1Z092H08-dAq-7C7-8-j-76Z3-scDb,1
BlanditMiIn.png,6B74-tEmhmQbc-6F903B53-dDu-5D8-7-i-84L5-jkTv,4
BlanditMiIn.xls,2O53-jAtmgZtq-1O103U35-lLo-4Y3-9-i-57U1-yuRf,5
BlanditNon.mov,9Q59-qLdhyXva-1Z173A74-zTi-3V0-2-g-92R8-yaIa,2
Commodo.avi,5D51-rYrmhZrp-3C435U71-aFt-1H5-2-w-56Q7-hpDm,6
Commodo.ppt,8X82-xRzljJqh-7E363T19-jMm-0M4-2-h-89N1-yjVl,2
CommodoVulputate.txt,8X67-hMldgAis-8P851R68-lXi-1E7-6-x-08T4-ywHz,3
CondimentumCurabitur.xls,8A35-bYczjHyi-9Y622F29-dWb-0D9-4-p-53D1-qeOa,2
CondimentumIdLuctus.mp3,0U14-hPpukGjo-3W572T70-kJo-3W0-2-n-60K9-ntUl,2
CondimentumNequeSapien.doc,4A19-lSnliJbh-2P057P29-hOh-8U4-0-d-56I9-ifUh,4
Congue.ppt,8T10-dNichUrh-7M026X37-cOg-2I8-9-x-91T3-fgJb,5
CongueEgetSemper.xls,8K38-uCwjuWtq-4Z237A54-rAp-1X3-5-i-01G7-zcYi,7
CongueElementum.avi,0E46-yTkrfChv-0Y213D04-iGa-1L9-0-k-35Z2-ddZe,1
CongueEtiamJusto.mp3,5A44-uKjztUgu-2H291D56-bJu-2E6-5-p-41W3-nqEb,4
CongueRisus.ppt,0G17-tXolqAew-8U995C27-nHi-3W3-8-q-88S4-hsVo,2
CongueVivamus.mp3,8D15-iQjhqCtt-7L999K54-eZv-9Q8-0-g-78O1-tbJy,3
Consectetuer.mpeg,2X67-kLvqxCyj-4V290O34-mGf-3G6-1-v-49O9-xjMr,1
Consectetuer.xls,5K38-cElwkEgq-8L984E87-uWi-6R5-8-t-67F0-hlYt,7
Consequat.avi,6H48-oIglaWkx-0Z069Z05-aXz-4Y4-3-m-55Y1-noFn,4
ConsequatDui.ppt,4Y92-zDeigDwx-9U685E28-pXu-9R4-8-v-21I9-bmIf,3
ConsequatLectus.avi,1Q63-qSngoIfz-5U890B26-vCr-3W7-9-m-02H3-xyAo,4
ConsequatMetus.gif,7I00-eViffQer-8J490L52-jGw-7A9-6-u-74I1-xfYf,5
ConsequatMorbiA.gif,1S78-wDbnwZlh-2Y775N30-sLt-1M4-5-x-53F4-vrQk,4
ConsequatNullaNisl.pdf,1Z32-gRzriAcg-6X321A80-dVg-9D6-4-p-51X2-beHj,2
ConsequatUt.txt,8J17-kMflqJnz-2E255E67-bIi-7P2-4-q-42O8-npCf,3
ConsequatVariusInteger.avi,5Z43-qDfydTyv-3A734X98-xHt-2G9-4-o-43U3-gsEu,5
Convallis.ppt,9A35-nVjpzPez-1V374Z68-nSo-0Q1-5-t-29W0-dwZf,5
Convallis.xls,8X61-yUkhtOqv-5I511E43-tLr-3N7-4-x-84I6-ucAq,2
ConvallisMorbiOdio.avi,1Z46-qDgxoJjc-6M037T45-fFi-1W9-7-i-69P8-ozAu,2
ConvallisMorbiOdio.mp3,1Y25-tWfjpOjo-8G607W34-mOi-9V4-4-h-81C4-cyUs,7
ConvallisTortorRisus.avi,0W67-eYwhfRmx-2E544V79-vKt-7K1-5-f-42D9-eoQj,3
Cras.mp3,8H83-wJwpoUdo-8A629K56-cZb-1I2-0-x-13C9-udFo,3
CrasIn.avi,7O88-hYtmrElt-2K031X92-eGh-5L8-9-g-02C4-dcVw,7
CrasInPurus.avi,5W75-sXnbsGyn-4N981N59-wPp-9J2-0-c-27F1-qrQf,5
CrasNonVelit.jpeg,3N49-tFtewWvu-2L070O69-fRr-4O3-5-c-56M4-sjKj,7
CrasNonVelit.mp3,8D15-oLbyjNss-9I075V42-bMc-1P5-2-w-64C2-fhSo,6
CrasPellentesqueVolutpat.png,6J50-pNmofQbv-9X195A24-tIp-3V0-9-y-84A6-shZb,3
Cubilia.xls,6O97-yPlumZyf-7H553N70-jDy-4Y7-9-l-19Z6-ocWa,1
CubiliaCurae.gif,0W42-oYfbiGfs-5F122G87-oUg-6E7-4-w-61F6-itNl,6
CubiliaCurae.jpeg,1U38-eMaahAne-4K411X83-bFi-8P7-0-e-45U2-agQu,4
CubiliaCuraeMauris.mpeg,8T97-eQlbxUrf-8H050M32-lAo-9D1-9-f-27H5-yjPu,2
Cum.avi,5G00-wLlwqXbm-6G316F79-qXi-6X9-5-f-34Z9-jbKo,5
CumSociis.mp3,6T12-dEngxWan-1M049P79-cGr-0M2-5-h-86K6-skJh,7
Curabitur.avi,9F73-lEgqvDqj-9N841A78-rCq-1V1-2-p-15J3-maHc,2
CurabiturConvallisDuis.tiff,0F68-kYhyjFnf-1E368T64-jCm-9X1-7-r-37E5-psZl,3
Curae.gif,7U33-jFqpuMdn-9L682Q70-sBd-5T9-0-q-02I8-wyHs,3
Curae.ppt,1K70-mOysuHjf-7Y946O60-wOc-6N8-3-s-81A0-uwKo,3
Curae.tiff,4Z19-dYfrmQqm-8K710J71-kDs-0N9-5-y-62C7-mlTq,4
Curae.xls,7F98-fIikrXhw-6T884W82-tYm-8D6-3-u-97Y9-auGy,3
CuraeDuis.tiff,5N40-eEvuwXsk-5Z844Z05-mDy-5B0-5-l-02T7-wzPb,1
CuraeDuis.xls,1X44-aSbegXdg-5U430T18-zTt-0D6-4-e-54S2-yyCl,1
CuraeNullaDapibus.txt,1C80-aOwzjWjc-7O097N02-bCu-2I0-2-r-69Z0-khZy,5
CursusId.mp3,1C80-kVrwzDwy-8K427K53-pPv-3D7-3-g-39I8-oePn,5
CursusIdTurpis.gif,6T37-kYhydEna-8E133O14-wDs-7Q3-2-d-13G4-jpIh,2
CursusUrna.doc,2I31-sIfykRbb-6Q969S26-hFg-7H9-9-v-96L7-qxCq,7
CursusVestibulum.png,9J64-gSdiyDdc-0C815K58-tGn-6B6-7-k-06Q3-hiUa,7
Dapibus.avi,7J92-vRessAwn-9S624K24-wXp-5Y9-2-r-50S5-nqCf,5
Dapibus.jpeg,6F80-dEqlfAui-7Q408P25-iHs-7O7-5-j-02B8-wkEc,3
DapibusDuisAt.mov,6B54-cXcodRqh-2A455W29-rTy-7K4-5-d-08L4-lfIn,6
DiamCrasPellentesque.xls,4X15-rWivyZwh-8R488P45-oXj-1M8-2-u-46F0-jcWt,3
DiamIn.gif,2K48-uWnmyUgc-2R293W87-yMy-6V8-8-l-81R0-bkTr,4
DiamIn.ppt,9M16-tLmuvGla-5I261L16-iPh-1X5-4-j-03X2-diIc,7
DiamNamTristique.pdf,4F24-sExeoYpc-9Y675M59-nWf-2H9-2-y-71E3-zmAa,7
DiamNequeVestibulum.mp3,3Q62-jRzcoOvm-5X928O81-nBy-6R5-4-t-30V0-uvHt,1
DiamVitae.xls,5Q66-vBcnjAal-5S603C98-wQm-3F9-0-e-69R8-miXx,5
Dictumst.doc,9S72-yAcnsIfn-6X068P91-zIp-7B2-2-v-41G5-kkMl,7
Dictumst.mp3,5E79-zOvguFya-9I919S17-jAf-3K0-1-b-58T6-txYm,6
DictumstAliquam.ppt,5S46-mWeroPuq-4T488Y37-jAf-6E8-9-s-27Q1-tuTl,7
DictumstAliquam.xls,5W06-oQdyqRvc-1V803N70-fZc-4K3-1-p-55O9-pmGj,5
DictumstEtiam.xls,0M00-dYaecZwl-0G731V60-aGl-2V1-4-y-42C7-joWj,2
DictumstMaecenasUt.ppt,3B27-bZvywJor-1G846Z56-tVx-5L6-4-u-18G2-gtOr,3
Dis.mp3,7D86-vGyamDrq-4S916U05-gPi-3R9-4-y-20N7-abRr,7
DisParturientMontes.avi,5S97-aPprwRcw-0S050L54-iYa-4Q0-8-x-70Q2-joEz,2
DolorMorbi.ppt,9K64-rLljjHje-5X550Z41-tCw-5C3-6-f-62B8-rmHb,1
DolorQuis.avi,6H16-hBodkZna-0S848A28-bIo-2S8-0-h-95T2-jpMy,1
DolorSit.ppt,2F10-dJoolWbu-1D373Q16-eBd-5E8-7-h-29R5-ebGk,2
DolorVel.xls,1E63-xIahmBpt-6R323Y71-bWt-9V3-8-a-33C2-vwOw,1
Donec.avi,0Y89-qXokiLgw-3X064O04-bRe-7D7-1-s-79Q8-tiBo,3
Donec.mov,3O25-iPxrnPie-9D524Q52-nOp-8E0-7-g-52V8-jtAs,3
Donec.tiff,5L32-wCtlhQdp-9X798T05-vLo-9K0-1-m-14W6-fcSo,3
DonecDiamNeque.jpeg,1M48-gMqmaRoo-3S619K48-lNr-3V0-9-o-72B4-hpUg,4
DonecPosuere.tiff,1H66-oWpvaAcb-3O270F83-uHd-9X4-0-r-59B4-bmBc,2
DonecUt.jpeg,4K52-dFwavRrc-5H486S94-dNr-0B9-9-h-03X5-tqKf,5
DonecUt.mov,4J61-yGnkpRje-8A484J41-cOh-1F9-8-s-72Z3-psDx,5
DonecUtMauris.ppt,7L02-uLwnuWlm-8E787H76-nWa-3U8-1-j-32I5-xyJz,7
Dui.jpeg,1C87-pPrrgVfe-9X478C70-uXa-7Q0-7-o-40K9-yyYe,6
DuiLuctusRutrum.xls,6F90-iOdwyNfe-2N049M10-eFk-3G4-8-j-68D8-ryUs,7
DuiMaecenasTristique.xls,3H70-cBkslZew-0O041K47-cGj-5Z3-8-z-45C2-wxMv,3
DuiVel.pdf,4K11-kVebhExr-8V839M43-vRp-8U5-0-w-41Y0-esRo,7
DuiVelNisl.xls,2K91-jWndiOnu-0E266K71-aUo-7T4-7-m-63V7-zaZs,6
Duis.avi,9L91-gWkzxVek-9N658W73-eEa-6K6-2-h-60F5-fgSf,3
Duis.mp3,8W32-fIpaxJsc-2V954Q91-mIe-3R5-9-m-93V4-kcOt,1
Duis.mp3,2Y24-uDbknOhi-5M022J52-mMc-6G2-3-c-56T8-oaBc,3
Duis.mp3,3T78-fLthxVng-2F903C50-cNr-5I6-0-n-39V3-qoYg,6
Duis.mp3,3Q48-uEpaoCqf-3P403R72-nMq-2O3-5-p-10E0-jlNi,7
Duis.png,6I31-jMljmQpz-8D752L58-pNi-0E1-3-u-38N6-aqNc,7
DuisAc.ppt,4Z08-pQojfXur-9K767J12-uXl-6V2-7-x-93R7-ooPo,4
DuisAcNibh.avi,8T43-zFtzuWef-1U924U28-tSo-6V9-5-h-75B5-qnLq,3
DuisAliquam.avi,2P67-iMhhyMms-0P177B21-mXi-9C6-8-o-41V2-hyYf,7
DuisAliquam.xls,7P47-pOotrHlb-0D566F40-kFp-4X5-8-z-53U0-iiQx,1
DuisAliquamConvallis.xls,3R48-zAhclUiy-1A280Q75-mQy-0I5-9-l-44B2-viYq,1
DuisBibendum.avi,1D97-wSwhyPdj-6M378G05-gBd-4J3-7-e-07X2-boEz,5
DuisBibendum.ppt,2C80-vIhvmKnv-8F667Y12-jUd-3I8-2-h-81L8-joMz,7
DuisFaucibusAccumsan.avi,7T63-uKeihVlp-9R518S31-mQb-9B3-6-f-69U8-mmWk,1
Egestas.jpeg,5X96-sPxaaXqs-4E797M35-dYj-7X4-8-n-17K4-frYe,1
EgestasMetusAenean.ppt,1Z37-iUupdGsq-8U287S24-qAc-5O7-4-y-13K7-afDs,5
Eget.mp3,9N40-aLtsgPsy-5N277R56-eVc-9A2-3-e-51C3-vnTm,1
Eget.ppt,0K62-bDreaPyl-7Y509H32-eRe-3P8-7-o-53J7-xsCa,1
Eget.ppt,8D63-qAgsjBjb-5L849F99-sEk-4D4-4-q-63X2-myQi,5
Eget.xls,1A28-nCatrLvc-2W753F82-bPo-3R4-7-l-25I5-oyJs,6
EgetEleifendLuctus.ppt,4P75-wHevnZzv-0Q407D17-rUx-9Y5-5-i-67E2-ayDh,6
EgetElit.ppt,2D00-cSsmrRsh-9O449B88-tYu-3A0-2-v-57N0-ouYv,6
EgetMassa.avi,7U60-hCvkpMbd-9S968M32-lHe-7M8-0-j-06R4-jhBg,6
EgetMassa.mov,3O12-zSvipApz-2N421N73-xBi-9S4-0-m-36J9-ftGx,7
EgetRutrum.ppt,8F02-fAmdqEuc-3U460T93-fIn-9F3-7-v-99P2-osGd,2
EgetRutrum.ppt,3T82-qYflwEkn-7O747H88-bBr-7Y1-9-n-72L3-cvFl,3
EgetRutrumAt.jpeg,2B57-bRguqXhy-7X594Y15-lVs-7M8-8-o-03H7-opFk,4
EleifendLuctus.mp3,2P67-aNwjhQci-5V765C63-zNz-1J9-6-n-42X9-idZl,1
EleifendPedeLibero.xls,0Q64-qZkmkPdu-3U396E59-oZt-5F2-7-u-92L1-sxMy,4
EleifendQuam.avi,4N23-zRjszJzp-8E899I49-wOg-2G3-9-h-11C4-jfGk,3
ElementumPellentesqueQuisque.xls,7T35-sNvjzPdm-7W036Q80-cNa-8P1-7-x-26V6-nwKt,6
Elit.jpeg,1I82-mJnemAdz-5K054L44-vTb-1H9-1-h-35U0-ekWm,3
ElitProin.avi,8H43-lHtkpEen-0A766V57-sKi-1O0-0-l-88H8-hfFp,3
ElitProin.jpeg,3E30-mZqhuXru-9B370I09-nPi-5A9-6-b-04S8-tlYe,1
ElitProin.xls,8A04-mAesmSdc-2O284E99-nSn-5J6-2-d-01C2-rbZx,2
ElitProinInterdum.ppt,7C20-qRhqgSes-4J657Z47-hYc-1N8-7-y-95Y5-rxIi,6
ElitSodales.mp3,9D10-mRtsgVco-3L658L29-aTo-0P8-2-r-05B8-leEt,2
Elpenebro.csv,En ese totito cabe perfecto mi bicho,5
Enim.avi,6K87-cJrqlEkc-9W395L80-nRe-2F5-0-j-51O2-gaTg,4
EnimBlandit.avi,1X96-uKgnpWyq-7N128D14-pQb-6J4-8-u-15E9-woIv,2
EnimInTempor.jpeg,3M65-bSykiEnc-3M936Q22-gTj-5U5-3-v-89E2-ktRo,5
EnimLeoRhoncus.jpeg,4Y15-gXynnJho-0I978F13-zTp-7O1-7-n-07C8-onTl,2
Erat.avi,8Q96-xEjgdMez-5L116M57-zFl-7K0-0-n-66C8-ojHt,7
Erat.mp3,4S35-kMujnCxk-9O008L19-rZj-7W0-5-n-12D9-ogVu,7
Erat.pdf,0D43-gCjibDjz-8Z607X96-aQe-5L1-8-p-38I5-alKd,6
Erat.ppt,8S94-nZeczPik-0V562N90-mJr-1S7-0-j-08W5-qnKp,7
EratFermentum.ppt,5X67-zNrxiUxh-0X076L00-hXi-3Z6-4-p-80D1-lzFf,1
EratQuisqueErat.mp3,0A60-cEobtAwc-9I466G90-nXd-4E9-1-o-06L7-xwFx,7
EratTortor.tiff,1N40-rIpdoYwu-6L048V25-rYm-9F2-9-d-25O2-cwKd,3
EratVolutpat.doc,1S09-eUztiKir-3X203R59-lLf-6P4-3-l-10W3-hkJf,3
ErosSuspendisseAccumsan.tiff,7E55-hRctgAvy-8B181N61-hAm-6V5-2-y-94E8-hoQy,1
ErosVestibulumAc.jpeg,6F41-ePndbQok-2K352Y93-iQl-2T5-5-o-66L9-xuFh,6
ErosViverraEget.mov,2K82-hPexlDud-5I310Y52-pOv-6A9-0-j-24S9-enFx,3
Est.png,2G38-aHepaGkc-2L314P02-wLk-0G2-4-r-49G0-tdPl,2
Est.ppt,4O51-dCbulTnq-3O724M24-zKg-0T7-9-t-90Q4-dyWj,1
Est.ppt,0K16-cUkbrHtz-6D400H22-tCq-4H3-4-v-21P3-yhWj,3
EstDonecOdio.mpeg,8D50-oYgzaQid-5S555C64-zUv-1C2-1-l-72K5-zvGu,6
EstLacinia.xls,6V12-iAaktDxl-8M193L20-qAl-8L4-4-p-59K9-oyBl,6
EstLaciniaNisi.xls,6F10-vRyfyNog-2E718Q00-lAs-0Q4-4-m-43P4-mzNe,4
EstPhasellusSit.jpeg,0I12-zIgwgFjv-0B042H74-jRu-7H9-3-s-04G4-voNd,3
Et.jpeg,5J20-zZzfyNes-2K574K58-oOm-9P9-0-j-93S0-emKk,3
Et.jpeg,8G99-lPaxnUev-0W632Q22-zUt-3J7-7-u-59K9-bbSk,6
Et.xls,1H09-bZtyeEmo-1Q394N05-vUr-6I2-2-t-65W7-xvDj,7
EtErosVestibulum.mp3,1M59-iBagzRrw-7X529X23-tWh-0O6-6-h-04P6-pcCa,1
EtUltrices.avi,7N69-wXayiAfs-0I726N38-wTp-1R1-5-k-02F0-zcAk,7
EtUltrices.ppt,7N81-oErstVhs-2U189Q43-aMp-7A6-6-j-68H4-quTx,6
EtUltrices.ppt,5L17-rHwxrIgk-9F474E52-aMg-6T0-2-a-65M8-qwTu,1
EtUltricesPosuere.jpeg,3K51-yWvjrDqa-0K513D41-pZu-5B8-3-z-45X6-btHa,3
EtUltricesPosuere.txt,9Z21-sFgueNie-1V223C45-fCi-0L3-0-h-73F6-eqNj,5
Etiam.doc,6I11-sPdvlOyv-2T501B92-lVh-1P7-4-y-05P1-iuKf,1
Etiam.ppt,5R65-fEaepEsk-3I690V74-xCr-6U3-8-p-05B2-seFv,2
EtiamFaucibusCursus.doc,7V95-wPjekMxb-3W068Z03-fPx-5W3-1-c-27K5-vyKq,2
EtiamJustoEtiam.mp3,6C36-oEtonKao-2F196Q46-iGb-2H9-6-f-24Z5-feDh,7
EtiamPretiumIaculis.xls,5H39-sBeazAdw-7V484A45-oJh-5S3-4-k-58N5-wcEm,2
EtiamVel.mpeg,0Z04-cYztbGdl-2A742E81-rZv-1Z3-3-u-94U1-pvZf,5
Eu.gif,5N79-qLjytJtd-3F386S00-uIm-1J0-9-r-60J7-ftVh,5
Eu.mp3,1X73-cZzdmWah-5L232V45-zMt-5Y7-7-t-63U7-fqTz,4
Eu.tiff,0T10-aQjrqVty-4S552A50-fJh-0K1-8-m-27Z2-nsMm,7
EuMassaDonec.avi,6D68-jNlfnIgg-9C848A41-mBr-6I6-0-q-33W9-raJz,1
EuMi.jpeg,9A69-nDvhwUyc-4N199X75-bHr-5Z8-1-p-58B8-dbOc,4
EuMi.tiff,1Y94-cXupeRfw-8N993E16-eLl-1N4-5-n-82Y5-xzSg,2
EuNibhQuisque.png,3C04-tNjfnZsy-7E669K08-eRj-6A3-8-f-57W5-hrAx,3
EuNibhQuisque.xls,9D52-uZufwZic-9M942Q33-uAw-3P0-1-p-28H2-tlUu,7
EuOrciMauris.jpeg,8U07-rUnuhBcn-6R056K75-rTo-9W6-3-q-05P7-bwZa,5
EuPede.tiff,2V35-aSqvxOwy-3M668B30-kCs-5T2-5-j-72U7-paJi,4
EuSapien.mpeg,6L72-wKcpfXgh-7J242T63-bLw-4K7-2-e-27Q4-dbCr,7
FacilisiCras.mp3,4T37-yNvghLxm-8K480P12-qFs-9S0-0-m-14Z7-ibPq,7
FacilisiCras.xls,2G06-cCzdyGrr-9E817L10-bYq-1K2-0-t-64L9-qrHn,2
FacilisiCrasNon.tiff,6C44-eZexiOhv-0A548H28-lWt-1F6-0-n-28B3-xxKd,7
Faucibus.avi,6A31-tRvnnFqr-2Y319N77-dKk-2G7-9-a-08C2-duVx,6
Faucibus.gif,8O31-lOiquKys-6T330X95-pHb-2Y1-2-o-50I8-mwIn,1
FaucibusCursus.mp3,8L08-iAssoZod-8Z167T98-nRf-4C2-0-i-69C6-seKm,2
FaucibusCursusUrna.xls,8R37-kVlkkTur-7J658B96-zTj-2Q5-1-o-91B8-oeNi,3
FaucibusOrci.avi,5U90-jOzvjIxb-6P410C13-cZo-6A6-2-q-55R7-sfUe,5
FaucibusOrciLuctus.avi,7T45-kPccaAvb-6A757L68-cIb-2M3-4-p-31A1-xbFo,5
FaucibusOrciLuctus.mp3,3A30-sJoooDvu-2G984U05-xKg-0K7-9-c-63X8-faEq,5
Felis.gif,6T97-fSiwpRso-1V561J99-oTd-8T3-2-d-89H8-owOl,3
Felis.mp3,0I10-uJyqtJwa-9N956X21-rUv-0Y3-9-a-94W1-qdEj,1
Felis.ppt,2L39-cCtciFlz-5O679Z95-dDz-2F7-0-f-78I5-ooKx,2
Felis.txt,9L72-wVsenTjx-3J372Q43-uXh-6S6-7-i-30B9-llEk,3
Felis.xls,9C85-gZsfwJdh-0L041S16-bHi-8D1-9-v-17K2-ogBe,3
FelisDonec.doc,2A37-bCxmoNum-2Q384T25-lXg-7C2-8-k-82Q0-jqFm,5
FelisDonec.xls,2R14-iDkqrDdg-3T354C28-zVe-2G3-3-u-79X1-tqLf,5
FelisFuscePosuere.png,5U13-vTkbuNnh-8Q466W91-vEz-5M9-3-c-65X6-tbLo,1
FelisSedLacus.jpeg,7M38-aCycpCse-2W333W05-mDo-1M0-0-e-68N4-uwVv,1
FermentumDonec.mp3,5E26-wJvhcFkm-4Q922J84-aRh-5J5-7-a-05V3-ejTz,6
FermentumJusto.mp3,1F31-vVtdrIpy-9D833Z11-oRy-3Q1-7-l-45T0-toYw,3
FeugiatEtEros.gif,8W36-aUbqpBjx-8U895G17-uNd-7C2-4-t-72F3-adJs,5
FeugiatEtEros.ppt,3I71-nGhtyGtq-7D208T36-aUh-7P6-3-m-42L8-tfZg,2
FeugiatNon.mp3,4Z42-uHtblWzm-6D282W64-xIv-4F6-2-h-56F9-pbJh,7
FusceCongue.avi,7Z29-xEqglBen-6M304H65-lJm-5X6-9-r-40N6-sfNe,3
FusceCongueDiam.avi,9D11-dNgbyGpe-7E331U33-rVp-8F7-8-o-81A7-stBj,4
FuscePosuereFelis.xls,6H20-zWzocQmg-4I355R25-vZh-4G9-8-r-01N8-unTn,3
Habitasse.avi,3L39-iWoogOec-5R130B88-jUp-0Z9-0-z-22K1-boIl,4
Habitasse.avi,4C65-mQeczVkp-1V674B57-sUg-5L6-6-g-69J3-cmGz,7
Habitasse.gif,3X01-pJnncJqe-3Q863E14-iCy-7N6-1-k-05U6-jkSr,5
Habitasse.xls,7B93-zUtmuQxj-1O554P68-cDl-7R5-9-p-44G8-mwWk,3
HabitassePlatea.mp3,5F88-pUagjRfs-2V933L68-tEe-1R2-9-e-65K7-zlFt,6
HabitassePlatea.tiff,1A46-cOsfgOmu-0O647C70-bKa-2U7-1-o-47N4-arBo,2
HabitassePlateaDictumst.mp3,1B16-hAvmsJja-4K797C49-oTc-7M1-7-h-35Y9-qiPd,1
HabitassePlateaDictumst.ppt,4I46-kCvapEmr-6C749G57-mUe-8N1-4-q-70X9-twOf,2
HacHabitasse.xls,7B17-yUzfmQiv-9H601U77-lOm-6G5-9-k-18C1-qsIq,6
HacHabitassePlatea.xls,0S46-tTbjqTfw-1N103R39-yOu-4K7-7-x-29G6-ouVd,1
HendreritAtVulputate.mp3,6C49-hTivlDfo-8N178V08-zPp-7H7-4-l-62X8-qmSz,2
Iaculis.mp3,3J93-iEodsDup-4D744J12-uZs-2T7-0-x-13E9-gsWl,5
Iaculis.pdf,6Z87-wAwgxWsr-9K144L57-pAi-2V4-6-r-09D2-qrQg,7
Iaculis.tiff,2E19-tWsavJos-5Z038A58-fCy-1R3-6-c-23K6-beYf,7
IaculisDiam.xls,5F83-fUtnpMhp-2H959R72-zGk-2J4-6-l-80S7-wyUn,5
IaculisDiamErat.mp3,5N68-aFwjtEld-8I394R37-aLv-5E0-7-l-74U5-fiZz,4
Id.mov,8I23-rNtobYgk-1J615Z61-rZe-2Z2-1-p-22W2-xvJs,4
Id.mp3,8T21-uFbrkXsv-3N729V95-dXf-6G4-9-z-45V5-zgXj,4
Id.mp3,8Z93-cYimaKcl-4G844V69-gVp-9D7-0-a-12O6-dlTa,6
Id.ppt,5F59-yVhlpMbv-4Q822U74-iFt-3R4-4-n-50A5-faLp,4
Id.xls,4W29-qQewuOyp-5H324Q03-bRi-0P8-4-j-22I2-fvSh,2
IdConsequat.avi,7U71-gBibnJzh-4K416M87-xDd-4M6-5-b-07U0-msFe,5
IdConsequatIn.avi,7U33-oFnztSov-7X770S78-vYh-0A4-1-g-11D6-wlQf,3
IdOrnareImperdiet.pdf,3P97-yLldrOds-8S649U60-sSm-1I9-9-k-93E3-vaFv,7
IdSapien.mpeg,0A24-mUzxnQyq-9S103M59-zKu-6W6-9-v-31J0-liCz,3
IdTurpisInteger.jpeg,9D93-pGtgeIvt-8Q410A74-sQu-9X8-8-j-47J5-rrCw,5
IdTurpisInteger.tiff,9I60-cIysdEcz-6D742B00-sIy-9K9-9-e-14M5-miVm,4
Imperdiet.avi,9A78-vCadpAgi-0D871B33-rAh-3G2-4-b-64V0-ozBj,1
ImperdietNullam.tiff,5P92-sVawyGsf-7O760L44-oWm-8S1-4-g-51S9-jjIv,1
ImperdietNullamOrci.xls,6U30-zHfgsOoj-0Z126E18-dCh-6T0-4-f-02G4-anXq,5
In.avi,0A06-rQefrLiv-3C376N86-oSo-7X6-8-o-81T2-cfGa,5
In.avi,5E72-nLyubTcr-5G283V65-hKs-2C3-0-q-41X5-zjLp,5
In.doc,5N92-nIpafOzm-5L365M13-sVw-3A0-1-c-45H4-eoJp,3
In.gif,3V08-rNkevKqn-6U128Q59-wIc-3P7-8-b-55U2-xcNj,2
In.jpeg,4J87-mHhvfSwz-1D774L54-fBz-9W0-8-y-12B6-nzGz,4
In.jpeg,3I96-mMugmQgy-4T231Z77-hEu-4A1-1-n-14Q1-qeUe,7
In.mp3,6N07-wPzrxZre-5G434Q08-mRd-0W8-6-o-57Z6-vmTj,5
In.mp3,2B06-hJmcoIuw-2V339D85-rCi-1G4-1-z-77M9-anJo,1
In.png,7S38-cGkzuEpe-9U565M12-aPo-1A9-7-f-82M0-daRp,1
In.ppt,2T58-oJmvoRmz-6G352F71-mVo-5X8-9-o-08I6-baZr,1
In.ppt,6A44-wTefaBdx-2K462J40-pSh-8N8-4-v-04G4-kmIc,7
In.xls,3I47-hMixfKbn-7N530I09-hWn-1Y3-1-v-88K6-vzHv,7
In.xls,2D52-uHxeuQgz-7K737D74-pEb-3G0-7-t-31J8-ggVe,1
InAnteVestibulum.pdf,8Q14-sPlogKhv-0A001V41-qRz-6O7-3-o-63F3-wiBt,4
InConsequatUt.avi,4Z21-bNxdiWvp-5D897W80-tBp-0Y4-0-v-89T1-ghHh,1
InConsequatUt.tiff,0U52-lXfsmYmd-9I022T60-bNw-6U7-9-p-56A9-vhOy,7
InEst.xls,0R83-yZirpLqs-8E807V19-zOi-6C3-2-g-60U9-zhEo,5
InFaucibusOrci.txt,5R96-qIpdxOpg-4H821E85-sBa-3V9-2-f-52M6-pjCq,5
InFelis.avi,6H98-nYrfbBpe-5H029A33-tDc-6T7-6-z-48U6-mmAj,4
InFelis.avi,9E16-cMoacHwj-7V874Y60-cLb-9J7-4-o-06E4-psUw,3
InHacHabitasse.pdf,5W02-yTtvkEpd-9L157L95-jJg-9P2-2-d-74W1-xoXn,4
InLectus.ppt,6A70-hOkblGyo-7O743V36-zEo-7G0-3-y-81A6-trAu,6
InLectusPellentesque.xls,2B91-zBrbfRla-2N974B63-hEq-9S0-2-w-16M3-foZs,4
InLeo.mov,0E52-jPaylZie-4R288F19-eMr-6C2-9-z-44U2-vkNb,5
InLibero.mp3,5T34-xUmtqGoj-4U694Z98-qXu-7R2-1-y-26Q9-xpSn,1
InQuam.mov,4W76-vQdkqMxb-4E579O47-sTf-3H0-4-h-38X0-jwFe,4
InQuam.xls,4Q09-xNdzmYey-0B033K81-cPb-5X6-5-d-91A8-xlKx,5
InTemporTurpis.avi,7Y40-rYspcUoo-8I774Y09-iXh-8W7-9-v-45F2-ljRw,6
InTempusSit.xls,0L15-tSfeyXjd-9Z589D15-xQv-9Z9-7-b-56K1-wpXp,1
Integer.pdf,6E77-fNzsxVrr-7U627Y24-nBl-8H0-3-f-14G0-tiXj,7
IntegerAcLeo.tiff,0M17-qEjpcYyp-0N134X96-bKe-2V7-7-a-64A5-reMm,3
IntegerPedeJusto.jpeg,5C10-gAwonHrp-6L168Q88-sYb-6R7-9-w-72Q1-lkQq,6
IntegerTincidunt.ppt,3S89-pDwlwAfr-7Z590B16-qXx-5E1-1-z-74B3-rrLa,4
IntegerTinciduntAnte.mp3,1P57-aNxxlPel-5X380Z59-xUg-3Y7-0-t-93S1-dgMk,1
Interdum.mp3,3W79-bCjcjRvr-6A461N44-cQd-3P9-0-d-54O8-wgKy,1
Interdum.pdf,8F18-jJkfvSro-5M293Q31-nVh-8K5-9-n-67Z0-drQy,1
InterdumMauris.ppt,3P61-xIzrjVcz-1V447H56-tYv-2F9-1-i-35V1-lkId,3
Ipsum.txt,1W97-pYrqeQwz-0R951D02-vBn-1B7-9-l-68D4-lpXa,1
IpsumAc.xls,2J27-cRbqpJij-9P594I87-sMv-0T9-6-k-22A6-adOj,3
IpsumAliquam.doc,5A42-hYneuQgr-3R526L19-oVi-1G1-6-u-88S9-zbXn,3
IpsumDolor.png,1S29-aJiiiLny-4O944V11-fDk-9H1-7-r-77L6-vsSu,4
IpsumDolorSit.doc,9L58-qHlgmRzq-4F725L14-rRo-1N2-1-r-68G2-btNz,7
IpsumDolorSit.txt,7G41-bYdguTez-8K446Y93-qNk-9O8-1-c-53U9-vgNn,4
IpsumIntegerA.mp3,2J08-kIyqxSpd-9U129K76-vSe-7E0-1-e-03D5-bqOl,6
IpsumPraesent.mov,4K64-rWygkKek-6D638V76-mXl-4K2-2-x-02H5-oeIc,7
IpsumPrimisIn.mp3,3J60-wKxllVux-3I315S89-dGr-8O8-2-b-83A8-voEn,1
IpsumPrimisIn.tiff,8E78-nYvcoMxu-0C344S03-fOj-8J7-0-s-84U6-ywLb,1
Justo.avi,2F31-uCqezYvl-1E224T62-zZm-9Z5-6-d-02X6-ttQs,7
Justo.doc,8F72-gNfzmHij-1L126X45-mCk-5Y9-8-d-94H6-ukFa,1
Justo.mov,1A38-uUacyLlr-9Z305Q68-bJm-6O9-7-n-92E4-ahJh,4
Justo.mp3,8R30-yIofsVoz-1A321R76-fNh-8J8-1-e-00A1-szAn,2
JustoAliquam.tiff,1A71-mXtiyFkn-1U176I62-tYp-2V3-7-p-73F4-ajRx,3
JustoEtiam.txt,9Y08-mYwivTyn-0P676K02-dFp-2A4-0-e-29Z4-caKc,3
JustoEu.ppt,7S22-fOmrcRyh-2Z834Y47-jOo-3O5-3-i-25J5-qtNj,7
JustoEuMassa.avi,3U77-hNvsjKtg-4B785V93-fQc-8Z6-2-e-58C6-ikNh,1
JustoInBlandit.jpeg,1J44-aUsxmKow-7C834K72-yGa-1Z6-8-r-24F0-paSg,4
JustoLaciniaEget.mp3,7P50-pBldhFbl-0M150F47-jEy-1U6-0-m-41Y4-qgMr,1
JustoMaecenas.jpeg,9R54-pJndiZmz-4Z042H59-vWr-5Z7-9-t-89D4-pgSw,2
JustoMorbi.avi,8V46-tPdtcCam-0P221H68-dMo-2K6-3-x-83W4-xrHu,4
JustoNec.avi,0Y51-nNqfxJvs-1G530C35-aPx-0G8-2-v-60G6-gwZf,3
JustoPellentesque.avi,4R33-zQiotWzd-7H900V88-eHp-2Q4-9-w-32M9-ztNb,1
JustoSitAmet.mp3,4L32-dFytqYek-9P568Q96-yVr-5U3-1-l-35I5-wtTy,4
Lacinia.pdf,1W85-pCjbrJzf-1G715J51-tFo-5M1-4-q-04M3-yuTg,6
Lacinia.ppt,0F13-xYrksKsr-0Y829D79-bFk-1X4-9-m-47H8-qrFh,4
LaciniaAeneanSit.avi,3S75-gTkvhBuh-1S954G66-cLj-2V8-4-w-57Z1-jdCm,2
LaciniaEratVestibulum.pdf,8A82-aNfnaPnf-8Z260Y91-cBa-4K1-9-q-91N4-ywZc,7
Lacus.avi,1B89-jWghoTrg-2I430L45-fTz-0O6-6-g-73S0-kpYp,1
Lacus.mp3,2M91-vSyekHdq-7L388P52-fFw-4T1-0-i-19S6-coQs,7
Lacus.mpeg,2N98-zViehLal-7Q067O97-vYf-3L2-5-q-05I4-cvGx,2
Lacus.ppt,2C94-fAhqiCuu-8Z741V09-fVy-9E8-4-l-13X0-cvTy,6
Lacus.tiff,1Z43-vFpzbPcj-4L080H13-jBp-5E3-5-q-61B0-boVb,6
Lacus.xls,1O18-sCxptWev-2D794M95-dXf-4I3-0-m-47M5-njOl,7
LacusCurabiturAt.ppt,0W68-eGlntPrz-7T236L76-cQp-0P5-8-m-42R3-xkSz,6
LacusPurus.ppt,6M91-mYmolEuk-2U680J99-jGq-7W4-8-k-83E8-fwLc,5
LacusPurus.tiff,2B53-nVkvrDig-2J640N23-aUy-8J7-5-e-95H7-fgYh,7
LaoreetUtRhoncus.mp3,7F23-yXedpCif-8L053R59-jMy-1L6-1-i-06G4-bsDn,7
LaoreetUtRhoncus.ppt,5X34-cRjkaDka-8B884X24-gPz-2G1-5-q-41B0-ozNz,1
LaoreetUtRhoncus.xls,6J49-uUnsxUhc-3K698K56-kNn-3G5-4-f-30R9-riZr,1
Lectus.ppt,4F24-yVqvwKxn-5U775K85-kHm-2F6-1-a-38F7-lmLb,5
LectusIn.mp3,1O81-eMxqjQvy-5T781X17-tGu-5W4-4-c-06H3-ayWe,1
LectusPellentesqueAt.mpeg,9H47-pVrcjJta-0W958L76-rAn-0V3-8-d-65R0-kjKt,2
LectusSuspendisse.xls,2U30-iIegbVyj-1B142Q58-bUq-4A0-3-k-36J1-deOr,7
LectusSuspendissePotenti.ppt,8V99-kMabeFvz-2E432A69-gOw-9E9-6-y-90H1-aeEj,2
LectusVestibulumQuam.mpeg,9U27-mPngpYju-3V899P61-zFt-2T6-4-j-20S0-omXo,7
Leo.avi,5L08-kJqnzHsz-0Z862Z01-iIj-5M8-4-a-32Q8-pcHj,3
Leo.mov,7O02-dGlctFxu-9N233H43-wAa-6T7-0-u-41X6-apPo,2
LeoMaecenas.avi,8O42-qCrbkLmx-5Q933Q76-wMn-4K2-0-i-05W3-ksWr,4
LeoOdio.tiff,0V13-aLgdjDdw-6H539V14-jYx-6Z3-9-h-00T5-mjSl,6
LeoOdioCondimentum.xls,4M42-zMeblCck-4K537W27-sRm-0I7-3-a-26G5-sqOh,4
LeoOdioPorttitor.tiff,1S99-aHxbsCaq-7D705K32-rFx-5G4-6-k-05I8-rpQt,4
LeoOdioPorttitor.xls,1T00-dUxuiLwu-1W639V78-jZk-1L4-8-q-12K9-tpVy,5
LeoPellentesqueUltrices.tiff,5I79-oVmlxXvu-4I583G49-uLm-2T2-1-b-03W8-qiFg,6
Libero.avi,0X90-hXkmcOgd-2S912N03-wIs-7P4-0-w-45N4-nhGt,7
Libero.ppt,4W59-mFvaaIci-1P942U45-nQw-9W5-6-e-21X8-czOy,1
Libero.xls,5L07-gAbeyJee-9E256G92-fHq-5U9-4-o-85R5-lgJl,5
LiberoConvallisEget.ppt,8Q31-vTjzsZzr-7O187P70-dOr-2A0-6-z-45J4-gxPj,6
LiberoNonMattis.mp3,2I60-yVhoeVcw-4R493B78-jHj-4I9-3-p-35S6-vyWf,5
LiberoRutrumAc.jpeg,5R03-hWhrpMdu-5I038Y96-vDg-0F8-6-x-30B6-tqMc,3
LiberoRutrumAc.xls,0U97-nDvinDwy-9Q168H80-xFw-6B3-7-i-62U8-ddCm,6
Ligula.avi,7K80-hHgugTwk-3B795U74-fDx-7O5-2-b-30J7-eyNu,1
Ligula.tiff,9A30-uKsixAxw-4L572R26-cGa-0N6-1-t-44Y9-muWt,3
LigulaNecSem.txt,5D80-yZhrxAvz-0G247Q78-tLv-1C3-3-k-38E8-laUc,2
LigulaPellentesque.avi,9N24-hLcxtVmv-6J015M78-mRi-1V0-2-l-87S1-dlGu,5
LigulaSit.tiff,3I94-lUgllPfz-9E119N30-oEg-1B6-7-d-71N4-xjDy,4
LigulaSitAmet.xls,9N48-kGogzNah-6R933P44-cUj-5F5-3-s-36H6-kaSu,3
Lobortis.avi,8J90-fFlltNin-4B338E72-tAk-5M9-4-k-86T0-gkUo,3
Lobortis.doc,6Z35-rPhdsQvg-4G339M86-xCw-6W9-2-i-47Q6-ihEl,3
Lobortis.gif,5E67-tCfojUaj-7Q920H42-bIw-5J8-9-s-41A9-vuDp,3
Lobortis.xls,7Y18-gMooqMwz-4U100W30-tOt-2Z0-3-l-07B9-khBd,2
Lobortis.xls,3L73-eEttuFfj-3Q054K25-kAo-2P4-9-y-19A7-odYy,6
LobortisConvallis.avi,5N09-eAuyoMsw-8T087G50-qFn-5P4-3-g-28S7-gwAj,1
LobortisEst.avi,7C66-tSnnjAog-2J540O99-iAg-6G8-5-v-04N8-ojDk,7
LobortisLigula.ppt,2J73-tGyyaQfg-0R331I45-uSp-0R2-8-o-64T7-ovUq,1
LobortisSapien.jpeg,9L86-zTfpoXgu-3V348M60-sDi-3O5-6-w-36D7-tpIv,7
Lorem.mp3,1X76-wZfrvCyz-3R948B63-iAp-2O5-1-n-51E1-fsEx,5
Lorem.mp3,0N12-oEtwcDto-8V694X96-hIr-4C5-2-s-89Y6-igAu,6
Lorem.pdf,2V05-eQlsnDcc-1P518X61-oYt-6N8-2-v-56H9-ejKc,4
Lorem.xls,2U71-dDvawBsr-5Y890F27-oKp-8H4-9-q-77S3-aeKt,3
LoremIdLigula.ppt,0P11-aKevhEvy-3J070S74-lJp-3B4-0-w-29Z0-pbCb,6
LoremIpsumDolor.mp3,7D52-iSrkaYxl-0X968J15-uEr-9Q3-4-v-37S4-fzOw,7
LoremIpsumDolor.mpeg,0I99-jBmfhAng-4B521T34-bBo-9N6-1-j-73C9-vzSb,7
LoremQuisqueUt.mp3,5D21-hNzlqCjf-4W827B36-tPd-0C6-7-x-13U1-ygOe,1
LoremVitae.xls,1I28-fPvzvIis-9I635Q99-kZl-9Z8-6-d-06U6-gqUa,2
Luctus.tiff,1U40-eNjecIoa-6E398O83-dVs-1L9-0-l-48X7-tyTe,6
Luctus.xls,2N76-mLmfiJam-7S415J69-zGw-5O9-9-y-47E4-qzOv,5
LuctusCumSociis.pdf,8L69-oUzsrGmc-4N628Z59-lCm-9N6-9-c-84U3-mbYl,4
LuctusEtUltrices.png,2R87-xTfwdJfn-9K067W86-kDg-3W3-6-g-25Z7-ivCq,6
LuctusUltricies.mp3,6B81-uIxlnGss-2K728U67-eSq-0Z9-1-v-11C0-iiUb,7
Maecenas.xls,0X58-fZzoxOpo-5S172R91-uJg-4Y5-5-d-64K8-upKz,6
MaecenasLeoOdio.doc,6C21-tKudxQvc-4P625A08-zOv-5G7-4-i-38S8-bbTu,5
MaecenasLeoOdio.mp3,3A97-lNjlbSud-2X950K67-mAr-4O1-2-o-25W1-wzFd,3
MaecenasLeoOdio.tiff,0X32-xLbcdOqt-3G328L51-bBw-0Z1-7-a-79N4-jgZs,7
MaecenasPulvinar.mp3,9G40-kNfdcKry-6R090O36-yDn-4R1-6-w-69C8-ooOa,2
MaecenasPulvinar.ppt,7P48-iTvddJpo-5J139V92-xRa-3D8-8-l-66G7-ccDy,5
MaecenasPulvinar.txt,2X92-bYccbNzf-6L739I58-hQa-7N6-4-c-98E1-xmXj,2
MaecenasTristique.tiff,3N04-lNmceGkk-6A530N07-cNa-1D6-9-g-36C2-ldEf,4
MaecenasUt.mp3,3X72-pJqxqYtk-1L569R49-iMy-1S7-4-v-46R1-ycTq,1
Magna.mp3,4G66-fArchEvt-5O736P41-jKc-9B5-3-r-62F3-ctGz,2
Magna.ppt,5N38-fClxdZic-7Q952U95-tTi-2L3-4-r-10S3-pkEa,3
MagnaAt.mp3,7X16-oHptvTeq-3B071Z53-rSm-6B8-0-h-45V6-xyOr,6
MagnaVestibulum.ppt,1F80-rNxseRyn-6A264C53-iVa-1C3-9-j-03W9-foAa,4
MagnaVestibulumAliquet.avi,3L21-iInjxBzs-0O775C57-xCb-7O7-8-s-14O8-elOn,3
MagnaVulputateLuctus.jpeg,0Y83-iRpslXiq-0D047X93-hOv-3T3-3-b-69J8-hnFq,5
Magnis.tiff,7J25-nVzxtTfe-9S743J62-kTj-6R1-5-q-21J3-jzEl,5
MagnisDis.mp3,0V83-kWxiyXkm-6L876N01-pAq-3N4-1-v-87A1-jeHh,6
MagnisDisParturient.mp3,9P66-cFoneSgd-1M988U69-tIv-1O6-7-i-39W3-rjLb,2
Malesuada.xls,4G35-dZfcgQxe-0G690A37-pKt-7A3-1-g-56A1-giVj,6
MalesuadaIn.jpeg,7S06-zRuhgZur-2U572L46-uIb-7T9-9-w-67Y5-xiLb,4
Massa.avi,5K78-nArwoEsm-9J260J45-yJd-9G5-7-g-76O3-vyZg,6
Massa.mov,1R66-hUegwOee-2C058U93-aUb-1F8-7-y-11U2-jxGs,6
Massa.pdf,5Z53-pWpywUgz-6F029W24-zCr-6F6-6-n-80U9-qvKw,1
MassaId.ppt,5Y37-cUgnnImn-0B541E20-vNz-6W3-1-b-77H2-wnKb,2
MassaQuis.jpeg,9J34-wDjdoQee-5K343N98-eDl-1U5-6-m-23K5-tuVy,4
MassaQuis.mp3,1X44-iWkyeRhm-9D893A54-nQy-0Q7-0-u-03X8-imWz,3
MassaTemporConvallis.png,8W53-xGxdhYox-5A856O18-lCo-6X4-9-w-21B8-fnTm,1
Mattis.xls,7R35-dWqipRbk-7I427V94-fCv-7Z5-5-b-80L9-hgMp,7
MattisNibhLigula.txt,0Z78-vKrqdJdu-8E276S64-dYo-5T8-2-a-42P6-mpNk,2
MattisOdio.ppt,0R07-yEhhqYew-5L526R55-jFc-9Q8-3-h-04N7-ylJl,7
MattisPulvinar.ppt,7Y25-jJnuaXpy-0P403D75-vLt-3D1-8-i-45F7-ziHn,2
MattisPulvinarNulla.avi,3C30-nTcnpIon-7V759V33-wUs-7P9-8-s-75Y2-mqQh,1
Mauris.avi,3F72-xTvdvRdo-0K401D28-fFt-3J2-4-m-99F7-ipXf,3
Mauris.gif,5A93-fZpeiSjs-3L916Q41-pHj-7I9-5-n-58V4-yaFz,4
Mauris.mp3,3T76-mGqmhSbp-8T249C77-dAl-1N4-4-m-79U1-vaMr,7
Mauris.tiff,5H28-iOxouCcr-3W210W67-kAh-0E1-1-p-50W9-dfTm,1
Mauris.xls,5W75-pQfstNno-4V103Z52-aRj-5W2-0-b-90Z3-bqVd,4
MaurisEgetMassa.mpeg,5T70-gHazwTrs-9W813M29-gBd-7I4-3-t-57D2-wrQr,6
MaurisEnim.png,7G64-aJvcnJqd-4Y723X70-aSy-1Q2-4-s-93V9-vaKd,4
MaurisLacinia.jpeg,5E19-cHpptJxl-6H829R91-tHv-2Q7-2-l-24Y5-boYr,7
MaurisLaoreet.ppt,0P28-bKbtzXnn-1C672Z13-oHg-0Z8-8-j-80D8-jlRr,6
MaurisMorbiNon.xls,5J74-qDrkcTvo-3I037Y97-mKw-3P9-4-y-16R5-dmSc,7
MaurisUllamcorper.mpeg,7V62-nBprfJhq-2S687P00-bMj-7W2-5-y-31N7-fnLs,6
MaurisUllamcorper.ppt,0G31-aCbqlPzt-4A908S21-iHk-9P9-1-n-02V9-qyBz,7
MaurisUllamcorperPurus.mp3,8W85-iBqudHpo-9L988S86-cGs-1S2-7-x-48B8-yeNj,2
Metus.avi,4R63-rMcraJsx-9U687Z49-yYq-5E2-1-j-64A9-pdJu,6
Metus.mpeg,1P51-qIgpdAdu-5C957D81-rUk-7H3-4-l-89W7-wfRj,2
MetusAeneanFermentum.tiff,3B90-vXsyhMvf-2Q488R07-fKj-1D9-9-j-65F4-gvDw,3
MetusAeneanFermentum.xls,9O12-oChnxMiv-4W458M79-xYk-7T5-3-x-10O7-toBs,5
MetusSapien.txt,3C28-uUogrEtr-3Y873L08-zKx-4O7-0-k-91E3-rePr,1
MetusVitaeIpsum.avi,2N82-yTjdkZdt-2B230V50-uBb-2A8-4-x-22D6-bwMa,5
Mi.mp3,2V34-yVfiiWvm-8G898R87-eGn-4F9-8-t-01G4-ioNu,4
Mi.mp3,0Q48-jIernVsb-3J309G72-yWb-6Q9-8-p-45P2-btYn,3
Mi.mp3,9Y85-cTxpgKrt-8F321O30-fCg-5V5-1-q-00W4-ryYz,3
MiIn.jpeg,0B46-mIzapFbw-7V478I48-lYm-4U9-0-z-91E3-kxCj,5
MiInPorttitor.gif,0Y66-yNowgGhj-3F135R88-cZc-2E2-7-d-10Z3-uhFj,6
MiInteger.jpeg,7D02-nYpegZer-0F018K00-uLu-8O3-1-w-24N1-prHn,2
MiNullaAc.mp3,7H31-wAzheGsy-4A588D80-lSl-6J2-3-f-36F7-clGd,7
MiPede.mp3,6Z85-oTchqWsn-9E929V98-jNw-9X8-9-r-57B4-wwUf,6
MolestieHendrerit.doc,5V74-oBqowRsk-6K912R10-pLb-7Q6-1-a-93U9-xnQy,7
MolestieLoremQuisque.avi,7L52-uFxuzRll-2D341H63-wTc-7U4-1-q-64K8-nrPc,5
MolestieLoremQuisque.gif,3C42-qLejuDgn-3U829H87-zVa-6Y7-6-r-47N1-uiGf,7
Montes.mp3,5L90-oGmegIic-2U825Y13-lQl-5O0-9-p-85Q9-cyHx,2
MontesNascetur.mp3,3A63-wNkxlVra-5U508M31-pKu-2N1-8-a-83N2-yxRd,2
MontesNasceturRidiculus.ppt,2N91-gZbnlLpg-6J490K09-qTw-2P5-5-p-83Z1-yiHe,1
Morbi.xls,5P15-uGydaIph-9C608U03-kUt-0E9-1-h-16P0-hoHq,4
Morbi.xls,1W44-tZqqqKwj-7U138K10-nFp-4D4-5-w-87S5-adZo,5
MorbiA.mov,3V62-hNkfvKkd-3J076T76-yFt-0G1-2-k-40P9-vqYn,7
MorbiAIpsum.ppt,7T46-jGksaUno-0A070I22-mDk-8G9-6-p-10R5-naPn,6
MorbiOdio.ppt,8C42-oQiseYyq-0P301T25-hUw-9X2-4-m-63J7-eiMv,2
MorbiQuis.avi,4Z15-rPhynEbf-8W247I74-tBe-7K0-5-x-55V7-xcOj,4
MusVivamus.tiff,0R94-dVkrsStk-3A146U55-uQx-3X9-8-a-05X4-zkEg,1
Nam.avi,3I69-mJxhuNeq-1B060J65-fOj-3E6-0-m-76D1-lbYv,7
Nam.mp3,7S41-sCkxmNnv-8Z324N25-jTr-7W1-7-x-61M0-ndFx,6
Nam.pdf,2H08-tArppUbx-2N923Z81-mXi-8I8-2-v-74Y4-qdAm,3
NamDuiProin.jpeg,1O16-sEjcdAje-4K633T90-tVa-1X1-3-h-75Z1-jgBj,4
NamNulla.mpeg,0R86-lAdlfLbi-1O528D90-tHp-4B6-3-d-91E4-brXi,4
NamUltricesLibero.png,8N06-xNkfqYbe-2H472X22-mVd-2N6-0-c-30N7-ndAz,2
Natoque.avi,9D32-wDfarMsw-6F865K78-fWi-9O5-9-n-15Q4-hxDq,7
Natoque.mp3,1Q58-hXyuiGpm-9W875O35-pEb-0S4-9-j-16L9-rfKl,1
NatoquePenatibusEt.xls,2Q33-gMgnkUzp-6U042Y99-jJp-2O0-1-z-04O1-gbSk,3
Nec.tiff,6C88-iPbsnBwe-2B039S06-tBj-2T7-5-x-14I8-rlJe,7
Nec.xls,3G84-sAvecUbz-3C195G34-mSj-2P9-1-y-10J4-jcQn,5
NecEuismod.mpeg,9H22-oNgrqPqs-9M929Z16-tFj-0Q9-1-v-16T9-kuIo,5
NecNisi.tiff,0B23-sLalvLhx-9H972X00-gUl-1U5-0-v-14G5-ctZr,6
NecNisi.xls,0A98-uVjvuKpy-9I655V61-sEx-4K3-0-z-84Y5-lgYa,7
NecNisiVulputate.avi,2R18-kJyggCia-3L818D19-qUk-5D4-9-q-53Z6-ciSp,4
Neque.png,0X93-cAhpnJws-7T648W20-lXj-6H5-6-q-40R5-tqLl,7
NequeDuis.mpeg,1I74-yGoywHlz-0B954O20-wWf-8T2-8-b-58A8-xmEj,5
NequeLibero.mpeg,8F07-sJsqvGpd-7M733B99-uSb-1C9-4-m-79R0-mvAm,2
NequeLibero.pdf,0D04-aHkjaGpr-9O320W58-wUh-9A5-5-k-08V8-kdVl,1
Nibh.ppt,3D44-yIuppBoo-9F497A87-kLi-4B7-9-w-49V1-wgBz,5
NibhIn.avi,2I86-sRgazObt-1P928Z43-wId-8O4-3-g-54S7-obNt,3
NibhIn.avi,2G60-sLxlsCdh-6I630M51-wUx-3L7-7-m-17B1-ymAx,2
NibhIn.mov,1F64-fRojiAms-8N761F70-rUa-2D8-8-l-75X2-fuMz,6
NibhIn.mp3,8T53-xJskqOkb-4O330M87-kMw-4G2-6-s-58R2-tkNx,6
NibhIn.ppt,1R74-dUfdlFte-5J874C17-eZq-7B3-2-n-16Q7-geUh,2
NibhInLectus.ppt,6Q78-wBenoTdn-8Z338A28-bWi-1L4-3-d-23S5-yzYl,3
NibhLigulaNec.avi,1N27-yGlitWlb-2W393D96-dOj-0X2-6-q-56Q0-jeQg,4
NibhQuisqueId.xls,8T66-rUpmrHjp-1R750N96-bVo-7Y5-1-i-71X3-gmCa,7
Nisi.avi,5E24-gVqsiXvz-5N933R63-lVs-0W7-3-f-44B8-kgJp,7
Nisi.gif,1Y96-pYzpyVxv-6A387M68-pGw-9M3-9-t-23X4-gyOl,5
Nisi.gif,9I85-dLxfgVnn-5L721S99-cTi-5K7-6-d-83P2-wgXl,3
Nisi.mov,3H29-oKapkNdj-0R160X66-fBm-5D0-9-z-23X2-fsTl,2
Nisi.mp3,1U05-kZknnCwt-7O433N61-lPq-8U2-7-o-72G6-gyUt,2
NisiAt.pdf,3S34-qEyvqYhf-7N852K52-sEv-3M1-1-x-52R8-uzVr,7
NisiNam.jpeg,4C28-iOpxbWtc-6A714E33-iSr-2U1-5-n-49D4-ooZx,3
NisiNamUltrices.mov,8Z03-oUqagNbd-1J370B88-cIg-7B9-1-z-23Q7-coFx,3
NisiVenenatisTristique.png,6S60-eZsvqSvc-6P350I09-aZa-0O0-8-b-90P7-zbKv,6
NisiVolutpatEleifend.txt,4E33-iBdshNea-1C850R06-bIs-2G3-7-i-45D1-mgId,7
NisiVulputateNonummy.mp3,3W19-hHgcfEno-1Q389L05-zHe-1H2-7-e-32E7-bmUg,6
Nisl.avi,0Y62-pTwggLty-7Q525S01-vJj-1T6-1-k-51E9-fhKy,4
Nisl.doc,6M35-mXvinHxy-6G858D27-aTc-5G0-2-o-95C3-hlVc,2
Nisl.gif,0O13-zGdriHfo-7O073H31-dBt-7D1-0-i-69O5-diMv,1
Nisl.ppt,2H19-pMpwzCqd-0S554Y14-kMv-1N9-6-g-71Z4-qqBn,4
Nisl.ppt,9Z72-tAleuPmz-6M131O72-eSk-2B9-2-k-50J7-lvCn,3
Nisl.tiff,6Y50-qOhzlVix-0A044H05-xCv-7P4-3-c-83H8-mxWn,7
Nisl.txt,6B33-oVpyzPqp-0K320D85-wJu-7U5-4-g-80B0-axVx,3
Nisl.txt,8H38-cPhmrBgq-2Y104T07-cAn-6Z5-7-m-09X8-riFt,1
NislAenean.mov,2Z66-xKyjyRba-9U731P58-tRy-3N4-2-e-78J3-imQb,6
NislAeneanLectus.ppt,5T80-qHqnzFqu-6W916M29-lZt-4F9-3-e-71C8-qqMf,2
NislNunc.avi,5V26-mRpyfUll-7A031O58-eYr-1B9-8-t-89W6-caBa,3
NislNunc.png,5O46-cQtebTtm-8V846F61-zFi-1J5-9-c-42H6-dnGv,6
NislNuncRhoncus.xls,0U81-yNcewOvc-6Q924X35-aNh-1V9-4-z-38U1-xzFp,1
Non.mp3,3K26-zGasbJmz-1F880B90-jOc-2O9-2-j-99C0-ptUs,6
Non.mp3,3J63-hMousHam-7Q934F50-mQc-3B4-4-b-27U2-tgSs,4
Non.png,9V34-hNvbxPiz-2Z872T38-iGm-0L3-1-k-29F8-lsLp,3
Non.ppt,3M44-rAtkfGxo-3V671L59-sUx-6L5-7-r-34F4-ekFj,1
NonLectusAliquam.ppt,1S87-pIyslWnw-6R126E77-jKt-8X7-1-z-63U1-ohIw,4
NonSodales.tiff,4U57-yFjlbOxa-2Q473M99-oXe-0X3-1-m-51A0-yaXs,2
NonVelit.jpeg,8W39-dAsyoGcd-4M401H47-yOu-4N0-6-v-66Y5-riIs,3
NonVelit.xls,1U10-sFxikYsz-6U034C31-eQc-9Z8-7-i-85L5-ktIg,5
Nonummy.ppt,9L98-vVisbEag-2W123R14-eMm-1T5-0-w-19E2-wuIx,1
NonummyIntegerNon.doc,9M23-uKytpWuk-9B289J22-qWf-1A3-1-a-29F2-uiPq,3
NonummyIntegerNon.mpeg,2G11-cWaxzFgh-2C798F13-sGq-1W6-3-i-37J8-pwCg,7
Nulla.avi,3Z48-dMakcMvo-7V867R77-fPj-8F0-7-q-72Y8-edFq,7
Nulla.mp3,6H15-cSbsoYvs-9A417K66-vQd-4C5-3-d-12A3-mdQo,6
Nulla.ppt,0L03-vHbqsWep-5P366C26-lBt-9M4-5-u-80K2-frXb,5
Nulla.ppt,1N39-yIptgFlp-7O640G09-dKl-2H0-3-b-49C5-svMg,2
Nulla.tiff,7D54-zGcctOms-8L758L07-vGj-9Q4-9-t-66F9-nlWa,2
Nulla.txt,8A54-tQqivXwx-1Z259H40-kEn-7E7-8-j-02K0-vrRi,4
Nulla.xls,7G10-cOzahDss-6C001Z40-zEi-1U4-7-r-03I0-mnKy,7
Nulla.xls,4J59-lSchxQla-1N082Y17-cCi-9O1-3-i-79F1-svFg,7
NullaDapibus.jpeg,1V72-dOclkQzv-8S667W96-tFs-2J5-6-q-72B9-irOr,3
NullaFacilisi.avi,3M90-sIpamHmo-6V943G91-fOk-3D2-1-s-68B3-ylOg,1
NullaJustoAliquam.mp3,4I64-yZsbqQfq-5Z033I37-vZt-7Q3-7-c-65R8-hsBs,6
NullaJustoAliquam.mp3,1U09-zSraoHqf-6L179Z33-oNx-3G1-7-x-47R0-raXx,1
NullaNislNunc.pdf,1Q58-wDnvgUyf-1L210L97-oQb-8W0-0-f-47L7-lrOq,1
NullaPedeUllamcorper.jpeg,8C07-yHawkEtw-6U284C37-jDe-4H1-0-v-71H1-bzAr,2
NullaQuisque.txt,5R58-aNhdpVoc-9K747O28-gUp-9O6-2-r-02O1-ruJy,3
NullaQuisque.xls,5D65-rZoxoNpl-2W339V15-cBy-4H9-8-a-39L3-icHm,3
NullaSed.avi,8U25-jQrgfVny-5Q196K59-lBf-8Z3-3-e-90M8-fqVp,5
NullaSed.mp3,1I11-lBlgcVhy-8Y123S90-mPq-5B3-9-q-06J1-lnVx,2
NullaSed.xls,1I87-sTcjpFpu-9M598S09-uUt-3X3-4-j-59K1-fwFm,4
NullaSedAccumsan.ppt,6E28-cNduuDwn-6W413B56-cVg-2X2-7-k-90F5-knIy,5
NullaSedVel.ppt,6I01-wNuvhHss-6W400L24-vSd-2V9-5-p-54U1-bxCi,4
NullaTellus.ppt,9I78-cXdnbFwz-9P727W17-tTy-9K3-3-l-00P4-obYf,6
NullaTellus.tiff,6L78-vZdzgVpp-6J743J83-cZk-6I6-0-n-76S0-ugNv,4
NullaUltrices.txt,7X11-bYogrTlk-7R831Y37-nRv-9M6-2-j-51P2-jvLj,1
NullaUltrices.xls,6K35-zEsscSpj-6C465P69-uAx-1Y5-6-p-43F7-saWh,5
NullaUtErat.xls,4G40-jXppbEkb-8V509U09-yFf-2G1-6-w-22A6-pdPt,7
Nullam.avi,6F68-pOvidNiz-1R942G12-oPi-1L3-3-y-05E7-tfQl,3
Nullam.png,8V58-qYxwzQpe-1Z063N13-aYw-2R0-9-k-47S0-gwVf,7
NullamMolestie.xls,2U34-jKnhpDwn-3F198T62-aKh-9D0-9-a-82D0-gwPc,3
NullamSit.ppt,9L22-yEjatMim-7M212B24-mPu-4F1-0-x-28S8-jdWz,7
NullamVarius.avi,6H63-hTeajYyf-9H627K21-gEp-3Q8-7-f-73K5-arPv,1
NullamVarius.ppt,9A62-nTpuvDjn-0C087S57-aVi-7G0-7-o-77E2-qgGo,3
Nunc.jpeg,5C93-aTyrnUsl-2J322A48-eVg-5C7-0-f-60Y0-xoWu,7
Nunc.tiff,0J48-eIsmaCzb-0P383R43-dXl-7F7-6-s-68N5-oaWb,6
Nunc.xls,6F60-cCcukFtq-5U968F78-tVs-1R4-3-a-35F8-kdPr,2
NuncProin.ppt,0U01-yVqnfPwo-9P233H89-uBz-1P8-7-g-87J3-yaXu,4
NuncProinAt.mp3,2X93-vCddmQuk-2P266B08-hOw-8Z5-5-i-07D4-gzKx,5
NuncProinAt.xls,4X51-nJgpiGms-2V339Y09-dAy-9C6-5-j-79L6-ckWo,5
NuncPurusPhasellus.doc,2O42-rIxmpXhf-1G814Y88-zMm-0O6-2-a-27D5-vlTc,7
NuncPurusPhasellus.ppt,5M44-qPnyyBjm-3L129Z09-nYs-1G6-9-z-69O5-cuVh,7
Odio.mov,1C26-zEfvbUrv-4X889L12-eKq-8A1-5-n-41F7-seJh,1
Odio.mp3,7U61-pWrvxEwh-5J584O18-fIi-8Z1-4-a-79G0-loJe,4
Odio.ppt,2O71-vHcvrHhh-1G699S56-mYh-0W5-8-a-42L4-vdQc,3
Odio.ppt,0Z15-mHippGbn-3X506O47-aTy-1K0-5-d-64Z3-ajMs,2
Odio.txt,5I03-sQocyZzr-7Q704I91-vKa-9G6-1-r-58J3-cyEt,3
Odio.txt,1H67-wHgaqHll-6F380W62-eDs-5V3-9-l-79D1-lgSw,6
OdioCras.xls,1R36-qFfogGku-7B240H67-vAu-3K8-5-a-94D2-wdFi,1
OdioCrasMi.tiff,6Y96-bBvhiUql-5Q030C90-jYb-7C6-5-j-86V6-rcFw,1
OdioElementumEu.gif,0G09-iXniuAev-3D778Q33-kVv-5L2-0-o-95X7-chOw,7
OdioElementumEu.xls,0S70-bXcypZee-7M678Q28-fJg-1B8-1-b-46W1-jcXn,4
OdioIn.ppt,0A70-qKvlnFxy-1N176E82-tWl-3X4-1-l-69K9-zdWu,5
OdioInHac.avi,3C70-uGavbXwx-2F570D87-kXh-1O7-7-n-21S0-ffHg,6
OdioJusto.xls,5B31-dZygdZgz-1I517D66-fGv-9Q4-3-z-75F7-cwSr,1
OdioOdioElementum.tiff,2I57-kXcqtSro-6I488N19-dEc-6K0-3-y-10C7-prIo,6
OdioPorttitorId.xls,5I53-nMlwuMpm-3U662X69-eZb-0S7-7-i-14F4-neFc,2
Orci.avi,0H91-oCztwJwr-1Q926K36-iNc-0W5-5-z-51I2-naFz,7
Orci.avi,5D99-lHazlKip-2M755H49-zYq-3I7-4-s-21B8-gdFt,1
Orci.jpeg,6I66-vJwmmJmz-9G151J94-oUx-1J2-2-r-66H2-wkXi,4
Orci.tiff,1C42-jQrmcPzs-4S320E37-bCk-0W5-2-h-37I1-ccYp,5
OrciLuctus.ppt,8M20-wNlhnDsg-7S861W08-qBe-1E2-3-k-34J1-sxKd,1
OrciLuctusEt.png,7Z40-lIkrvBdi-7G506I80-sRl-2O6-8-g-26T3-lsOn,5
OrciLuctusEt.ppt,9U43-nMqhvDum-1F298F56-wFb-5A9-7-r-59U3-cjOz,3
OrciNullamMolestie.avi,4D92-uWbwpVgg-2A768U60-oYc-1H3-1-s-60M8-fiEp,3
OrnareImperdietSapien.ppt,8A55-hUmokNjn-9C666T98-gBh-1C8-5-k-35T2-bwPo,5
ParturientMontes.tiff,6V38-nFzkkSqe-5E299O81-rWi-6J6-9-d-20M9-omTx,4
ParturientMontes.xls,3U82-tSxciHbk-3N282Q46-wLz-6S5-6-j-21A2-tuNj,2
ParturientMontesNascetur.mp3,2T92-kZaunClt-4C636W35-mKf-7A5-9-z-92K6-wvEf,4
Pede.avi,0G91-fHpkvHom-3S749T63-qLa-8J8-1-q-46D1-eyQz,2
Pede.jpeg,5M88-aVfvqLzl-7N551V65-gZe-0U3-0-x-95R2-fnWh,4
Pede.txt,0C05-qWeujTwz-9P505B37-sVt-1R0-5-u-52S8-goHi,2
Pede.xls,4A04-lNpvvEqs-6O871B03-qBe-4B2-2-o-56S5-chKd,1
PedeAc.mp3,3T45-zBdfyGas-7R614X53-oEr-3N1-7-h-65G7-tgMf,2
PedeJusto.avi,7Z36-lRhddQcz-2I642R68-eTr-1S5-0-o-42S8-lqOe,6
PedeJusto.avi,0E41-zBbzpLzx-1G311N63-pRe-4M4-6-u-17N1-lfEo,3
PedeJustoEu.mp3,2X21-nMdfsGnl-0H974E05-yDa-5N1-0-y-56O5-rkZg,2
PedeLibero.ppt,9O68-wLnioOdk-1S934Y27-dYw-3Q1-6-e-96K1-spIa,6
PedeMalesuadaIn.mp3,5X33-nYahkUco-0D191R01-eDc-8Y4-0-m-47Q5-lpXd,6
PedeMorbi.txt,9E63-wVgyaJvs-6R844O32-oDj-0G3-7-o-71F3-npUm,3
PedeVenenatisNon.mp3,4V42-bLlkmIua-5B861E21-mOf-4A1-3-f-85W3-hoGr,1
Pellentesque.doc,4A35-xGxrqBgv-8W072V17-pPs-2J2-6-b-27N2-hgUk,5
Pellentesque.gif,7Z50-xNbaiCyd-5R126O75-hKu-8U0-5-s-47V6-ppGv,4
Pellentesque.jpeg,5Z97-vGgjlWxa-6B407X72-wWn-3U7-2-a-48P2-opXz,6
Pellentesque.mov,8K84-bHbbcJux-5D519E30-qOj-7Z0-4-a-67Y4-roBq,4
Pellentesque.pdf,9Q70-mJjxgSii-8R526F46-hLr-1Z0-1-t-34H8-xqAu,1
PellentesqueUltricesMattis.avi,0A23-nTjojZwl-7R703X38-xZj-7Z1-9-p-06E3-snFe,5
PellentesqueUltricesPhasellus.xls,9Y86-kFrkzLkx-6U679Q57-pTy-7G4-0-g-46T5-ooFd,5
PellentesqueVolutpat.mp3,8R74-uZeuwQmn-5M557K90-eGy-8B1-7-p-57T4-awGc,2
PellentesqueVolutpatDui.png,5Z77-dZyrsUxu-9K083U07-nZe-2G8-8-f-94Q0-acEw,7
PenatibusEt.jpeg,2D15-nTihoUly-8V545X94-jVu-3D4-1-h-23M1-fvHe,6
PenatibusEtMagnis.mpeg,0C24-sAmqvVvg-1K918L15-lXv-3I5-3-x-86P7-aeIx,4
PhasellusInFelis.xls,7V07-gVvtoTlr-2U594D50-gAo-1G3-0-d-74M7-fvEg,7
PhasellusSit.ppt,9J45-yYymqMzr-6D632U64-pBa-2P1-0-h-06O0-ucDk,2
PhasellusSit.ppt,2R21-cIcpwIes-3R184I16-tEw-5P9-5-h-13T5-zvEi,2
Placerat.txt,9B00-hNhibXvv-2J474H20-iJz-6T0-1-p-18B2-wvLj,5
PlaceratPraesentBlandit.mp3,0M96-fAqeeWvq-9J346R18-xEq-6T4-5-q-86E7-uzUs,6
PlaceratPraesentBlandit.tiff,7O71-wFbtkXpc-0V583C67-hLr-9C3-5-l-64A5-goEf,1
Platea.mp3,0T62-bFdwhScu-1P694K33-dGx-2E5-1-u-33F1-udQa,2
PlateaDictumstEtiam.avi,3A90-qAhyxUte-3G056W10-eTu-3K9-6-z-90A9-lzGy,4
Porta.txt,8O92-oItibCja-4W849S61-kLh-0C8-5-a-45V8-aaKo,4
PortaVolutpatQuam.png,7G80-aSkfpLyl-6T958R17-xOe-2Q0-5-m-24W5-znNd,2
Porttitor.mp3,9K61-nDyroPpg-9U583D23-tBk-7E6-2-s-27P3-dkUz,4
PorttitorId.ppt,3L64-wKihgHyw-6W397F98-iDh-1W2-2-v-04X0-ivFx,2
PorttitorIdConsequat.mp3,4F61-dKhxvSwb-3G595N76-rFw-7A0-9-d-61P9-pkWj,2
PorttitorLorem.avi,8E14-pXqvdUza-0X285J97-kWo-1J9-7-x-30T5-ctGt,1
PorttitorLorem.pdf,5R49-oMccrWiu-2D470C72-uXg-6Z4-3-q-96C4-vnEf,3
Posuere.avi,8N80-bEdjdKns-6U373F02-bRl-3Q5-8-m-39P7-tyVs,5
Posuere.png,6U52-oJrxtTah-6S780B58-sVw-1F2-2-o-83Z5-sjYc,6
Posuere.ppt,0A51-jCyxdLhl-0H293D62-wDb-4U0-2-c-31O2-fwWi,4
PosuereMetus.jpeg,4F08-uNudbRxa-5V341B77-fOg-5O8-2-g-19X4-hcVc,5
Potenti.xls,3T44-pCokaFpr-2Q662E62-zKb-3H1-9-u-55F2-uoCt,5
PotentiCras.tiff,0O85-nYgvaAlf-6O768L45-bMy-5H4-1-y-25W8-lqSj,6
PotentiCrasIn.mpeg,5U16-xXgjvWlq-4A037C53-zQa-3G9-4-w-86S7-rgVh,2
PotentiIn.tiff,3C86-eLhhpPrk-5J563P55-cLu-4B0-1-l-44Z3-ybQg,2
PotentiNullamPorttitor.ppt,8P32-sUmrxFwr-5O369H10-kIi-7K6-1-q-92N6-wfYz,5
PraesentId.mp3,9X33-cAhspPem-2E960O01-gEt-1K9-1-j-35S6-baUc,1
PraesentLectus.tiff,5Z95-mPuyoAis-3O683H02-xKf-2R7-2-q-45D6-lnZy,3
Pretium.tiff,3G41-dLvqbIfk-8P309K08-mKh-1O5-4-x-03I4-grLd,3
PretiumIaculisJusto.mpeg,4K38-kSyyxPmr-1O588I14-gNy-8O6-9-e-69N8-llSe,6
Primis.avi,8F73-yHzuvHca-2G296Z63-nHr-3U3-8-d-54V0-ybGt,4
PrimisIn.avi,4W50-sIfyhHjp-3N128L17-zPu-9H7-0-h-32E2-sfTg,5
PrimisInFaucibus.ppt,3F82-uShjmZqt-1R230B86-nNi-5I1-7-g-19O6-ndKu,2
PrimisInFaucibus.ppt,0M90-hNnpiGpc-3E429V98-xDp-3Y2-7-x-35E7-fwJb,5
Proin.ppt,1J62-oBkgiQpo-6K991U59-mNo-0V1-9-r-69G0-hwHm,7
Proin.ppt,8F51-jFxouKwm-5P821C41-eMq-9T1-4-g-35J7-inXy,4
ProinAt.gif,0D94-lHqrpCaz-1A725W59-xJx-4M8-5-f-05D4-gmVe,1
ProinAtTurpis.avi,6X90-rJzvqEpk-5J482G45-sTx-6T7-4-g-13Y4-bhKu,6
ProinLeoOdio.ppt,8W38-iJzvuAsh-3L355M91-qYl-4D7-6-n-83B4-mhUu,1
ProinRisus.mp3,6Y27-mRdbnAqu-9H937N46-tZp-1U8-4-q-69S0-dtNp,4
ProinRisusPraesent.mp3,7V47-yGsbtBfr-0O337A27-xSm-9Z6-0-f-72X7-pvBq,6
Pulvinar.tiff,2H82-qZkhsNrc-4V574A26-uNx-2Y4-1-x-84P2-djKo,7
PulvinarNullaPede.gif,8I49-iOqxpQxn-1W938F34-xWe-2V1-0-b-30C6-jnFu,4
PulvinarSedNisl.xls,2R29-sSykgRmu-9W168I76-uEr-1G2-4-h-54D9-snWs,3
Purus.avi,6Z17-vQazhQoe-8H816A37-eJa-5A7-4-l-85Z4-odJe,4
Purus.mpeg,8K95-pVhdhNpp-7E440A67-vYl-1A6-1-k-93X0-wzTa,6
Purus.ppt,7P83-tUqxlCfo-8Q477X42-gSt-2S1-6-s-16Y5-hbMg,7
PurusAliquet.ppt,9K94-zEkboWzc-2G851L43-lQh-9S3-6-k-17P9-ieLk,2
PurusAliquet.txt,9V58-wVxaxNdq-6C870D54-eHb-3T1-0-m-37Q1-ipGf,7
PurusEu.tiff,0S74-rMcftJcq-4J067Y91-tVg-8X7-3-v-33L9-msJc,7
PurusPhasellus.ppt,3B84-iLwerVys-6Z662X65-pDf-3G4-1-v-68I2-htWv,2
Quam.avi,7W83-eDwabTao-7H186A12-jSz-5E8-8-l-61S7-hwPq,7
Quam.jpeg,3C30-bYhvuCge-2W082G26-iKe-5U3-7-e-43L9-oyTt,2
QuamAOdio.avi,6U80-uMwpqHrq-7B847Y74-pBt-5H4-3-o-67G0-fzTu,2
QuamFringilla.ppt,5G42-oIbtnNan-7P381P99-pSa-3W2-2-i-60J9-phIp,6
QuamNecDui.mp3,5U19-yNjklRlw-3E820U22-fEx-7K8-8-i-20K2-unTx,6
QuamSapien.doc,2B92-yKeipRky-8Q746N24-bVy-4Q3-6-t-50G3-psHa,2
QuamSollicitudinVitae.ppt,7I66-gVucuFkp-5T027M43-rFm-1Q0-7-b-90N2-ffIq,2
Quis.mp3,0X04-nYjdfHkv-4U004H02-lCm-3U2-0-t-10P3-woQp,2
Quis.pdf,5Y40-sHkpzTuc-6F174C75-eZj-3O0-6-y-11G6-mrQx,7
Quis.ppt,4S01-pKrbuTrs-0T031J54-zIm-1I7-7-k-78S8-haRh,6
QuisAugue.mp3,0K00-eUfbuUym-5R413F37-qLx-4Z3-6-e-39Y1-btVi,5
QuisLiberoNullam.jpeg,5G61-gXsxlUvl-1K072K91-bIx-9L2-5-r-08E5-tbJe,7
QuisOdio.gif,8N77-bFpneYcq-5K580L11-yZy-6M9-4-c-69P4-cgZn,2
QuisOdio.ppt,0U25-hFuidGnr-2J108W11-qLs-4F2-4-h-35F8-zhWj,3
QuisOdioConsequat.png,5K39-lUvnqNwn-2K290K45-uFn-0A1-6-i-11I4-phFi,3
QuisOrciEget.jpeg,9L20-aBxtiLhx-3X402S91-iGq-2M8-1-o-07Q7-zlYv,1
QuisTurpisEget.avi,9D46-oLcguNro-0S655F72-jDf-7V5-7-u-89G9-jqAe,4
QuisTurpisEget.tiff,2A41-xJfxqKdu-2V896S85-aRt-5H2-1-n-12E5-wuFp,4
QuisqueErat.xls,0G20-sMeuuWdr-2M841G76-xIt-0N9-8-x-98B9-vcSd,6
Rhoncus.pdf,2Y02-lRjliXao-7Q807K44-hJx-9Y5-8-n-52N5-drHk,3
RhoncusAliquamLacus.gif,4A05-jUocgVta-5X853X24-fIe-5B3-2-g-25W2-bgOj,1
RhoncusSedVestibulum.jpeg,7F92-vRokzXhq-2Z840X31-nGd-8O2-8-h-72N9-ouOt,6
RidiculusMus.jpeg,0N91-nMeqdPqf-2I933Q47-fId-7T8-1-h-44F7-vsGj,1
RidiculusMus.txt,3G78-zBxjnSka-1J019S79-oDp-1T6-5-y-29Q8-wiVr,2
Risus.avi,1P64-gJyxvXtz-0B526Y49-eNa-1D8-7-s-30Z2-ukMu,3
Risus.tiff,5P53-zEmusMpw-9O064F28-oCe-8B6-8-p-25F3-ttPn,2
RisusAuctor.mpeg,3W27-eNgrhBeq-8V778S95-jIn-7K0-7-h-96B8-mhUo,7
RisusDapibusAugue.mp3,2X00-xFcibTev-6R539Y30-fUn-7S3-3-f-07D5-mqOt,2
RisusPraesent.avi,3Y27-yZpumHkm-8S440S54-yPv-9T2-9-h-51G3-reZr,4
RisusPraesent.avi,4K21-xRnsuEom-9Y236R52-yNn-9T4-5-o-86V2-ppCl,5
RisusPraesent.xls,4A16-zPudeGrz-9R755Z51-nPw-3G6-9-o-76Y7-dwWl,4
RisusPraesentLectus.mp3,1Q08-yMcwmKhk-4O286X08-zCa-7R0-7-h-38F5-hgIj,5
RutrumAt.mp3,7M93-pThdsGnd-5Y718U37-kAb-1K4-8-l-38F7-diSu,5
RutrumNequeAenean.mov,7T57-xKnqfGaj-4O056F51-sAj-5M5-4-s-85F2-knBe,4
SagittisSapienCum.avi,0W69-wCjozEom-6O121B78-zTt-8Y2-0-w-38A1-gsGh,2
Sapien.doc,9K73-dAzfcYim-2N335G63-gXe-1G6-5-b-95Y8-jnOw,3
Sapien.pdf,7Q47-tKzaiWvq-5X868Z95-tRq-0L7-9-e-12U7-axXg,7
Sapien.tiff,0P13-eWldiLoi-6I953N23-dYw-5N2-3-d-10P3-fjMn,4
Sapien.txt,4D77-pMkeoNho-9M712M17-kAt-0P4-8-h-22X8-vhNf,6
SapienArcuSed.xls,2W86-eYsluLgj-0N506M42-vRu-6U2-3-n-24Q7-dtVf,6
SapienCursus.avi,0M58-aUqvdZrq-7G512K64-uUu-7X7-9-y-56Y9-zvJl,4
SapienIaculis.pdf,3R43-kSdvwGfe-9Y958A21-qQc-5E2-9-f-57D3-oiQc,6
SapienNonMi.avi,7P04-eQuxjEep-6R172Y79-zKg-3B4-4-x-16R5-vbUr,2
SapienUrna.ppt,4H71-pWqlqEcv-6O019D98-mCn-4U0-4-m-57Z4-mtFv,1
SapienUtNunc.gif,9J26-kVjazBcm-9J937V58-zLr-8G8-9-c-79Y0-geMf,6
SapienUtNunc.ppt,1F02-yXuulIlp-6E747M85-bTc-3N7-8-s-17I5-coJh,5
SapienVarius.ppt,9R56-vQkjgUie-9T807S21-bTr-7W2-7-y-53L7-vkQu,1
Scelerisque.mp3,9D08-bTtbqUho-3Q918J96-pUk-6B1-1-i-30K7-vlNn,7
ScelerisqueMauris.mp3,0K62-mYnawGkd-9R802V92-rGn-4U8-0-e-23U1-vdAl,2
ScelerisqueMaurisSit.xls,2W97-nKkzzWin-3J325L06-sYm-0E1-3-b-47F6-tiHs,4
ScelerisqueQuamTurpis.jpeg,7T42-nBqwqTxl-1O840X37-iSv-8D0-1-h-25K9-hhIe,4
ScelerisqueQuamTurpis.jpeg,1H85-oRkziTtr-9Y508B39-xYg-6N7-5-c-79O1-imTr,7
Sed.avi,2Z02-tYchgFjf-6I075I39-xKb-6W6-4-c-08U7-ucJg,1
Sed.pdf,0Y26-uVapnApt-5Z348C34-bVw-5R0-7-h-75C0-zbVd,6
Sed.ppt,6A18-wPonmOwe-5V454I75-gFk-7L8-9-h-32Y0-nhSr,1
SedAccumsanFelis.tiff,8G27-kNxbiMaw-3G718Z02-nPq-4L0-7-s-85U4-ekAs,5
SedAnteVivamus.jpeg,5F04-hIgzfBap-7P901E44-lRu-6Y3-7-v-48J4-snYq,2
SedJustoPellentesque.mp3,6X14-qBgekYhz-7K253L07-lHa-0Q8-3-c-25B6-hqLp,3
SedLacusMorbi.xls,6A57-pNvksWnz-2I039Z10-rPx-5B3-7-p-21O7-riYp,5
SedMagnaAt.ppt,9T45-nQwinNqj-6K014T45-cCs-7B9-3-i-96Q4-ugXe,5
SedSagittisNam.mov,9E60-uPmlvCfo-7S212S30-oLi-8Z6-6-s-81E8-fqFg,2
SedTincidunt.jpeg,1K59-kKeikJes-1I879Y59-iBx-6N4-8-k-54Q2-esGk,2
SedVel.mp3,2O75-eEfkmLdd-3C750W64-vXu-0U2-7-e-11C5-ziGj,6
SedVestibulumSit.mpeg,8H53-sYxwmZug-8A825V68-yFz-8L7-5-s-30Q0-rwHq,6
Sem.mp3,4Y84-xGfcvLpp-6E249K81-qHc-8Q3-4-t-27S2-doAo,4
Sem.ppt,6P51-rWpcoMmt-9L168E66-zCv-3S7-3-n-10P4-naBt,1
SemFusce.txt,5X21-hYxqnMwy-0M705V44-rVp-3E6-2-u-03Y6-gpQp,7
SemPraesent.xls,8Z18-wDkfqJvc-3B945J09-dQv-5U6-4-j-55C4-tjOr,1
SemSed.ppt,9W07-jFtsgQxm-7C048A38-fMc-5G4-4-q-22K3-lbZq,1
Semper.jpeg,2W96-wKnouDoo-0D877L23-wCd-1I0-7-h-62X0-hnXq,4
Semper.mp3,0N92-kMjzpZof-9Z424E38-eZu-1I9-7-o-79Y9-hnSz,5
SemperEst.avi,1E82-kZhpcKvx-4K628J88-gLq-8Z8-0-y-27X8-xgKk,2
SemperRutrumNulla.jpeg,6H88-wOyynDze-3E739Q37-fAu-5X6-6-x-72F6-tyVv,1
Sit.ppt,7H56-jDbpkSij-9Y992V26-mDs-4D3-5-s-65I3-nbBw,6
SitAmet.avi,1F35-fCrhyBby-8V539U94-dYv-0G2-6-m-80V1-oxLs,5
SitAmet.jpeg,2Y52-yNwddJoj-5V397B06-qHp-7A1-3-d-53L9-cuCo,5
SitAmet.mp3,3O00-kQimvIdi-2U183P34-dKg-7C5-7-c-61H8-otEi,7
SitAmet.mp3,3C44-wUryaDkg-7Q765N94-oIn-5I4-4-y-24L1-zlGl,7
SitAmet.ppt,9G84-fPtfeIfe-1X111G57-fSv-1E0-7-y-98F3-fcNk,2
SitAmetConsectetuer.ppt,5F57-zFaxbPak-1S069C70-sAk-0M3-3-v-75P8-hkOi,2
SitAmetEleifend.xls,8F33-tKkxwWar-0Q855O81-oQp-3B2-9-j-44E3-zlAv,6
SitAmetErat.ppt,4H10-kMskvEhl-0P337L05-xTm-0V0-2-k-30D4-afXv,1
SitAmetJusto.ppt,8T40-yZsrsFbr-0J338R84-zUe-8N5-9-v-06N3-liLv,1
SitAmetNulla.tiff,8R43-xPmwiVnn-4D608T41-nGs-7U8-3-s-28J2-xvOh,4
SitAmetNunc.txt,6Y65-aKiksYas-7E368Q19-cHq-7I4-4-r-25J8-hvBj,6
SitAmetSem.avi,7Z94-uFgpxPhs-4Z125Q73-bFk-7W2-3-q-17C2-maFb,3
SitAmetSem.pdf,1D16-hWlkoPve-9Y618T71-lTc-0P7-9-p-34M0-qyLw,7
SitAmetSem.xls,4S83-iAshcNeg-9D421T63-tHg-9C0-8-h-38G3-xlLd,7
SitAmetTurpis.avi,5L91-mJgtdYih-3B477A90-eAa-7K2-1-p-68B3-kfQb,7
SociisNatoque.ppt,9R52-cJzbdOuq-8W672W62-tPa-7T1-5-c-64O5-ylBh,3
SociisNatoquePenatibus.doc,9N10-iLbflSqx-2V840O83-gHt-7C8-6-z-55P3-qaDl,7
SodalesSedTincidunt.tiff,2K87-qWhxrKmv-5B878B33-hLq-9H4-5-g-15V5-mbSx,1
Sollicitudin.tiff,4Y89-yUdmxYxj-6P188J09-yDn-9E8-2-f-06U7-gcWd,7
Sollicitudin.xls,6H32-lRxsnMvp-0Q565H82-oWs-1M4-8-r-82Q2-pkGi,6
SollicitudinMi.avi,4L71-wXluiTqm-2M043H32-nPb-1S9-6-h-60Z9-lqTs,3
SollicitudinMiSit.jpeg,5B82-tPoakVey-7G674C46-fUa-2U7-4-b-65A6-rsOo,5
SollicitudinUt.avi,6O38-tQsyfBzw-5H008A36-mEx-7A9-7-r-34G3-qoDq,2
SollicitudinUtSuscipit.pdf,4V98-kLmjrNcu-5C971Z54-iLt-5L2-8-y-95H7-vvFz,6
Suscipit.doc,5D46-iHjngNdo-9G385M67-lZv-4J5-5-j-92W9-xgDw,4
Suscipit.pdf,9P36-nQkreBny-5E711L72-sIp-2T6-3-v-77O9-tkZn,2
Suscipit.ppt,4L06-kWnjwBzm-2Y588O95-rDf-6C7-8-n-94A8-vgYv,6
Suscipit.xls,0Z80-fAhiqYmf-9P552R79-xFq-8M8-4-k-74B5-qoKc,4
SuscipitA.tiff,2M98-uWffuKvi-4J220Z90-fMt-6C9-3-f-47O8-nuZa,5
SuscipitLigulaIn.mov,8G91-kNdmgAzg-6Q752T72-lQo-3R4-6-s-99W9-mtSv,2
SuscipitNullaElit.avi,7E24-cXfxcJyv-8X754U40-lNg-6O7-8-q-13A8-nzAi,1
SuspendisseAccumsanTortor.avi,5I13-zDrwmEdf-1Z265G52-xKc-9D3-2-r-32M0-baUm,1
SuspendisseAccumsanTortor.doc,3U45-nAmhtXjk-9N310G18-zFq-4C1-8-q-87X4-eeHo,1
SuspendisseOrnare.tiff,4T26-rCuqmPzb-8W368T52-vVm-8F6-5-z-85T5-adOm,1
SuspendisseOrnareConsequat.ppt,6L20-qBtikJjk-9P671S40-pFg-1A7-3-a-11A4-knBm,4
Tellus.avi,2D53-gOdrtShd-9Z538H98-pPt-0T3-8-h-13B1-rmYy,1
Tellus.avi,0M82-vPjtmAap-0K982I48-gGt-5N2-3-k-33C1-qsWy,1
Tellus.mp3,5Y05-aPqyxWst-4A569R86-oFv-4P2-8-n-46C8-wfYj,3
Tellus.xls,2L63-fGnjqYdn-1Z107F09-hFq-1L2-1-s-43M1-wkCq,1
TellusIn.png,0N37-jXlctOxb-6G752Y76-oGy-7Q6-4-o-66I4-vvQf,7
TellusIn.xls,9Z80-hZcyjSji-3A410J49-fIv-9P9-4-f-11D5-fpQy,2
TellusSemper.avi,4G31-lDrwwCaz-1I976T07-sYk-2O4-2-x-45M9-exAw,5
TemporConvallisNulla.ppt,6X70-eVntaYsg-9O338H29-lWu-7N5-5-r-41F1-tqSv,7
Tempus.ppt,0Z66-gZfnsEvq-9R398O60-wZx-7Y5-6-a-26D3-fwRf,1
Tempus.xls,5R56-jGcldMal-1F742Y59-hSa-4Z1-3-b-61L8-nsSd,2
TempusSemper.tiff,3H78-vMfpkXko-7P246C73-aRk-0E4-8-h-76R2-ahPd,6
TempusSit.avi,0J43-lVdjaJhl-1Q185V75-dIk-3V9-1-x-13Y8-wtCn,4
TempusSit.ppt,0B59-rPplkSiy-8A763H61-rMf-9M2-0-s-26F0-gxCu,6
TempusVelPede.mp3,3S04-vEuyxEgs-3Y845O71-bLa-0Y6-6-o-18D3-ayGq,7
TempusVivamus.png,0P11-hKestRmn-8R601V10-cGm-4A0-5-w-30L4-uyYy,7
TinciduntAnte.avi,5J74-bCgslUsh-6F750N30-nFu-5H3-3-c-84J6-cvGn,4
TinciduntIn.png,4M77-pXakmLsz-0O842B90-sMb-3N6-2-f-69J0-muOb,4
Tortor.txt,6X37-zYnpbEsq-9R847D46-wEa-0M7-6-n-16B1-cpCc,7
TortorDuisMattis.jpeg,9R37-wNyflZbc-4H114C56-pOy-6E3-9-y-04J9-axHs,6
TortorEu.mpeg,8J98-uQbqvCoe-0I591V08-lCd-6Q5-0-l-55U0-cfSy,3
TortorEuPede.xls,0R57-zNlqbFwt-6S007Y72-mPq-8Z3-6-r-21F9-hsKk,7
TortorRisus.tiff,0S75-wEjngMgb-0Z361M04-mOq-9Q5-0-f-08K0-pcJj,3
TortorSollicitudinMi.mp3,9C01-fEqkdNvu-2M246O21-xTd-0O8-2-u-01I6-ysJh,4
Tristique.mp3,6W74-rIuuiNhx-4X394E83-tUk-2D0-8-i-73E6-iuWe,1
Tristique.pdf,7R70-cBawuOrv-1N405V34-jRa-8I4-6-v-10F7-dhCk,7
TristiqueEst.avi,2F14-pQhprOhh-3L719F56-sLg-5O6-5-p-60S7-zmCj,2
TristiqueFusceCongue.doc,0D71-bGsvqEaw-6R130Z58-eLj-8A8-3-o-79V5-zzLi,3
TristiqueInTempus.ppt,2O62-mLjjiAfe-9Y999I42-gDw-2X5-1-b-58F5-erEy,3
TristiqueTortor.xls,2F30-vLapbWxz-1A066T45-pGz-8X2-9-h-39J2-aoZv,7
TristiqueTortorEu.doc,5D91-eEammQew-3G940J07-qTv-0V6-2-l-54U2-kbFy,1
Turpis.avi,1L08-wGedsBeq-1V929K12-wJy-1Z0-9-u-12S5-trOl,1
Turpis.mp3,1C26-qMuhqGvw-8Q283O29-oLf-3F8-0-f-04O8-grVm,3
Turpis.tiff,2E49-bNydzCjn-6F616B26-rBb-3V0-5-c-82V0-ihNf,7
TurpisA.ppt,7E53-jPtnrDmb-5Y185S27-nGv-2P1-0-z-06N7-wxOc,7
TurpisAdipiscing.ppt,8Z93-yWaqtYmb-2Q267V95-jZd-3O5-1-p-73C6-kcPz,3
TurpisAdipiscingLorem.avi,0G52-tSmrpEgp-2R337C68-gGr-8Q2-1-h-54D1-lzIu,2
TurpisEnimBlandit.avi,7H90-aZnppTqn-2S071V05-lZd-1D3-2-c-75J8-ubTj,4
TurpisInteger.avi,7O00-aOmtoMey-9P530N70-cYp-0V7-7-e-05P8-kcQo,1
TurpisSed.tiff,8E93-mVwqjBnz-3G499V15-qJy-6C6-2-x-61W9-ltXq,1
Ullamcorper.mp3,7M07-kIwnaJkl-0R914F23-yLy-8X0-3-t-80S3-asVl,6
UllamcorperAugueA.tiff,5Y04-lAhldHog-0H489Z71-tIi-9X6-7-p-78X4-ctSq,7
UllamcorperPurus.ppt,7A38-bHeekJqx-8F528J57-tSr-1X8-0-m-64G7-uqWa,5
UllamcorperPurusSit.mp3,6U94-kDjmjJbx-2S511N99-cIt-8I6-7-x-12J2-ifLd,5
Ultrices.mp3,9M60-kDhwgXum-3K395W88-jCc-7V9-6-m-73S2-ptYg,7
Ultrices.tiff,6O18-uPrrnGso-2I811P62-zFc-6Q7-6-a-09R3-xqEi,2
UltricesAliquet.avi,4A59-eFuqjSnd-3K743R70-mYi-3F0-0-g-22A8-bhVb,3
UltricesEnim.gif,5T78-eJfbtNon-2C072Y09-wQt-8G1-6-h-60U5-ocAq,3
UltricesEnim.tiff,4I98-cJhcjAbb-5C636A53-eJb-5M4-4-u-99Y0-ytAr,5
UltricesEnim.tiff,3T53-fDjofIod-1X224S78-cZk-2E9-1-s-15J4-wnJu,1
UltricesLiberoNon.txt,0U01-qDoquIks-5I107Z61-wPi-7M5-3-o-08Y0-moZv,7
UltricesMattis.ppt,2S70-uUbioQzf-7V927L08-bZe-3Q9-2-v-04K6-oyNh,5
UltricesMattis.tiff,6O69-iBipwFkw-1U934J67-lDi-9K3-6-s-83U1-lqYy,4
UltricesPosuereCubilia.mp3,2P35-nOdtvEos-5K504P32-iKs-6U7-1-j-29D6-zmHe,4
UltricesVel.ppt,3K78-jWciiDeo-6Z048P51-nXw-5B4-6-c-00U6-kvAv,3
UltricesVelAugue.ppt,4U51-nQvumLyl-5R389K92-fRd-7W4-3-c-02L4-giIo,1
UltriciesEu.png,1K41-hYtscPhx-2D282R99-iVa-3E3-9-o-84L0-swVn,6
Urna.mp3,2H70-aUekqTod-0X521A70-dUb-7V9-6-f-59C7-abKa,4
UrnaPretium.doc,2T73-nKmtcKlv-9I005X23-fUi-7W9-2-x-97U0-slWk,2
UrnaPretium.ppt,3Q26-sZhytQdq-9L124N71-zXl-7N0-0-s-54A4-zhIu,2
UrnaUtTellus.tiff,3N79-yOafnXzq-3N410S99-mDg-6P9-7-f-14L0-euAh,3
Ut.avi,3A62-sIehwTdb-9Q406U01-jWv-4P5-3-o-51M1-anVm,2
Ut.mpeg,9C17-jWmyjKqf-3D323A28-yFp-2L5-7-j-56Q2-kyFq,6
Ut.mpeg,0W97-sYkqeCzh-0Q796K10-xVy-6M6-0-i-47N3-jtLg,4
Ut.ppt,6M29-kJmqtVsy-1E430J25-xLe-4B7-4-w-43E7-fxNz,6
Ut.ppt,2W95-kRafkCzu-5A161W70-eWn-9O4-0-y-36N1-eeVa,4
Ut.xls,5I03-pVnjtJoi-6V817U87-dCk-1M8-3-u-77R1-jzJc,2
Ut.xls,5H89-hZvwrNot-5B234C45-gRy-4G5-8-s-62M1-pcEy,2
Ut.xls,0C53-sIggjEzz-7G388H11-sUv-7X4-4-j-11V6-nqZv,4
UtDolor.mp3,5M95-iYmjlKte-2M516F10-gUs-9O1-5-q-03A2-waYa,5
UtErat.avi,6Y72-qHhcwOmq-1J947B89-sYs-8A8-1-f-67A8-vmMi,3
UtErat.doc,7G46-lYocpJcu-0B054Q48-kYq-5O6-0-t-87T2-bdJn,2
UtEratId.xls,2L67-cLzehKcc-7D853Q42-gGp-7B9-7-h-18C9-kiUi,2
UtMassa.xls,7H89-fMqpwRjx-1D969U31-lMm-3S2-7-w-15Q4-llPo,7
UtMassaQuis.jpeg,3X36-tJvuvRpj-9Y022A37-kPn-9Z8-1-d-73R6-mpEa,4
UtMassaQuis.png,9N62-pLdzcIbe-9E945C32-kUu-0N1-0-b-70G6-voBy,3
UtNullaSed.avi,1G42-uVlzaWac-4S760C01-rRr-9Q4-8-n-84J1-tyEf,7
UtSuscipit.ppt,5P51-hUiltOad-7C970R45-gFp-2E8-2-e-98Z2-igMw,3
UtSuscipitA.ppt,8K98-lWkayPlr-2Z395O16-dKz-5J5-8-f-97U1-sfKa,2
UtUltricesVel.xls,7P71-uHlosPcz-2V031W88-yZx-4J8-0-u-04I9-rqMn,5
UtUltricesVel.xls,8D73-iYusrDft-6I870J85-iSk-9W0-6-v-65R8-oiNe,6
UtVolutpatSapien.xls,1O88-eAtngGhi-5H515U94-dQo-4Z4-1-s-65Y6-knWt,3
Varius.jpeg,1C58-fWnltIbo-4D997M91-jNa-9Y5-1-b-25W7-gfUf,7
VariusIntegerAc.mp3,1G89-oCbwbTww-6F087S88-bBs-1F7-1-j-40W0-gdMl,3
Vehicula.doc,1P46-nVilfXla-2P998N51-yEz-3Z0-3-l-27L3-maAl,2
Vehicula.mp3,7G05-kLwsdKvg-2T022R56-oSq-4J6-6-s-99Q2-ibHy,1
Vehicula.mp3,5F76-fJarjPrx-4M580F76-bQy-5A6-4-o-29E9-ufEs,5
Vehicula.ppt,8M45-aJustGha-3Y734D12-qSb-8Q2-4-j-94B1-dvJc,1
VehiculaCondimentum.tiff,0P45-yGrzlWhy-9Z694U56-tRs-6Q7-4-e-84W9-nzGr,5
VehiculaConsequatMorbi.avi,6C55-lEsyoDsv-6X033V30-wZv-6B3-9-f-51R3-ykYq,3
Vel.avi,6U00-iGhelFfv-7T203B51-xHl-0O6-2-y-27P7-ofVn,4
Vel.avi,0X10-jHereKnw-5K758V68-sMi-1M0-0-d-13R6-umMx,1
Vel.xls,1A60-oZgrcCrv-3S230F30-zQa-7R2-9-z-77G5-eaYu,2
VelDapibusAt.ppt,5O49-nYlmvEyo-7Z808H23-dJh-8V0-5-d-32G5-vdDd,5
VelEnim.ppt,4X74-xYryzPpb-6J833U69-pEk-6V5-2-h-56W8-uhDg,7
VelEst.avi,3O99-hSkltAne-0Q151W64-wPr-0H1-4-z-01X3-vtTs,2
VelEstDonec.txt,0V01-gHpitPlz-5X612V77-eGw-9X9-0-t-01Z8-zjYs,5
VelIpsumPraesent.avi,8G74-sHednJkx-4B712U18-eYo-9O4-4-x-55D4-vzPc,6
VelLectus.xls,5L22-xVfkgPfa-5G686W08-eOw-3B2-0-i-04H1-gzUo,3
VelNislDuis.mov,9N80-aVbbyEfi-6O142F19-qIm-4S3-4-x-05W6-kwXx,7
VelNulla.avi,8I14-eJmzfHhy-6Q186U46-oZj-9K0-9-c-33I9-dqRa,5
VelNullaEget.mov,1L24-nPtoaUod-7B156L49-yAu-3K5-8-q-51T9-uzVn,6
VelPede.avi,9E50-zIjfcFcd-1A049O54-wSs-3G9-4-b-52N0-niQh,1
VelitDonec.mp3,6L71-tJbtrYgn-1H631Y71-wGv-8Y0-5-d-47R5-fbQs,6
VelitDonec.tiff,4K58-sOaldBgy-4R426M94-rLz-2Z0-3-i-39Z0-pbYl,4
VelitEu.mp3,9O13-eOrdfPao-0W735H62-yPp-9W0-3-k-83W9-toLm,1
VelitId.mp3,2S26-lObcxWem-1M666P13-dZn-2Q3-2-f-53S9-kmKq,3
VelitId.tiff,9D47-tGzqlKus-1D503I13-qYb-8K9-1-l-75W4-vwCg,2
VelitIdPretium.jpeg,0Y08-gPknuIxm-7G112B29-zRl-2C8-6-l-08W1-kaBl,7
VelitVivamus.xls,3R89-iMngtNqb-0Q098R08-iGx-3D7-4-a-56C3-yuVj,1
VenenatisNon.mp3,6N43-vCpxwNjw-7Q873V52-bUm-9D9-7-n-75B2-kwVs,2
VenenatisTurpis.avi,2N44-eCdnmYfq-4O240D07-jXi-8N3-8-o-26B2-cjVe,4
Vestibulum.jpeg,3C48-uUnlzXee-5X555L62-qKz-4Y5-0-x-53V6-duOq,2
Vestibulum.xls,4P42-fMvidEed-2R876R64-rYk-6U7-8-e-51C2-rbRa,3
Vestibulum.xls,3A05-cErwbBmk-6E971I62-aFs-8R4-5-x-33C9-xpCd,1
Vestibulum.xls,4S41-cGitbIzk-8P134U04-vXg-3O1-7-z-20I1-rdJi,4
Vestibulum.xls,7Z74-uDtbaWjd-1B287W10-hKt-3K2-7-i-13N5-zwYu,3
VestibulumAliquet.avi,0J82-lJitaMtk-4O861M25-nNl-1L2-1-l-96M1-ezBa,4
VestibulumAnteIpsum.avi,7J94-qRhzqXsr-9A406F22-mLe-4L1-4-b-34Z9-wjFi,7
VestibulumAnteIpsum.mp3,0M17-kFdutDzx-5U953D02-oIo-9T6-1-n-47Q2-yoVy,2
VestibulumAnteIpsum.pdf,5A30-jTzyrNsi-2H437U39-wWb-0Q5-4-a-82L2-tdGg,6
VestibulumAnteIpsum.ppt,8I81-lBrzoLbd-9F814S53-eZr-3U2-6-s-19R1-byFy,1
VestibulumAnteIpsum.ppt,6G14-iHeiiBmr-8I707T48-gNb-0A6-6-e-09K8-deQp,7
VestibulumProinEu.mp3,4P36-dIfksGoo-0P954P06-lKm-6F1-9-w-70M2-rtMr,5
VestibulumQuamSapien.mp3,7G82-yJalhGiy-3O261P24-uPh-5V3-1-d-88X7-tcQb,1
VestibulumRutrumRutrum.mov,3I94-hEaywAzd-6E360T27-rQy-9U2-2-z-49F8-hsSs,4
VestibulumSagittis.xls,1L20-fMexzScx-9E085A59-wFe-8J8-2-l-12E8-wzRa,2
VestibulumVelit.ppt,6V79-mIencPch-0U291A04-dTo-9N8-4-h-32E2-waLe,2
VestibulumVestibulumAnte.mp3,1V55-cWqgrXyd-2C329V89-xHi-6D9-6-r-78H6-jkPo,2
VitaeConsectetuer.doc,2M96-oSzfwWpq-1S094A54-bCm-2G5-8-z-11M2-ueSq,7
VitaeIpsum.xls,0M23-mWxtvKwd-8U138H26-aPd-1W4-3-k-73N7-kkJf,7
VitaeNisi.tiff,2S18-ySzsrWbl-0G380P12-qIk-4B4-1-m-40Y7-sdCp,2
VitaeNislAenean.gif,9F85-rDhivGxv-9N494W28-xOn-7F9-4-q-16K3-gfPh,3
VitaeQuamSuspendisse.gif,5T24-pPlqrClm-1D401N57-fFc-4O5-0-e-39R6-mbRo,1
VitaeQuamSuspendisse.png,6N84-aTvgwVnw-3L110W44-tXq-3X9-4-z-97A0-cxQs,1
Vivamus.jpeg,4Z35-oYfbuSgu-7U477I62-sCb-1I5-1-f-71P9-eaZu,5
VivamusIn.xls,3G40-vAhimSmp-2G183O12-yCh-1L4-2-m-33M5-gqEi,5
VivamusMetusArcu.xls,9R28-pSbexNud-5C256K97-eXh-1E5-1-x-87R1-egFw,4
VivamusVelNulla.png,4F72-hBtfqJye-1U151A94-iLb-1X2-9-n-59Q8-uvQr,2
VivamusVelNulla.png,6L44-pWaswGqw-1D735J38-vAk-4T3-7-m-44W3-swVl,6
VivamusVelNulla.xls,8M05-xYwmpQqg-6U828Q74-iSj-9H3-7-t-14X4-qnDj,4
VivamusVestibulum.mp3,0H25-cXwsfIqh-4Z823K14-lUx-2M1-5-w-00R5-daMi,6
Viverra.jpeg,2G36-pOefwOwc-8P693A17-jAb-3S8-6-y-24I6-qzOg,2
Viverra.mp3,3Z08-hNcwmYgu-5A831R71-nFh-8M3-1-d-44J7-poDo,2
Viverra.mp3,6H64-xFsgrLbg-8I189J08-oCl-0G4-3-i-63G9-xrDs,7
Viverra.xls,4K85-rIejeZdy-1A221V10-nRg-1L1-0-r-03X0-kmXq,7
Viverra.xls,0W62-wKfdgFsn-7B309W31-qVx-2K5-9-k-67H0-wpGh,5
ViverraDiam.mp3,8Q94-kBbflQwj-9J768R61-iGt-5B4-7-y-32B3-osNk,7
ViverraPede.mp3,4U99-jXjpoXhk-0H191F45-hRi-6U7-8-t-30U2-xvLa,1
VolutpatConvallis.jpeg,7S39-wBaodBay-4X382X43-cNm-6F6-4-s-07Q2-mrKm,3
VolutpatEleifendDonec.jpeg,7F71-rDmemOlt-3E330C61-gUh-2L1-3-z-88T8-qxYz,4
Vulputate.avi,8J47-iEuzsRaw-9J279Y88-xMm-8U0-3-z-48Y2-toDo,2
Vulputate.png,5R63-dFybeUhk-3C760Y83-wRb-1G0-1-s-11R2-lhKi,3
VulputateJusto.avi,2A60-cCmvgXip-2S260W01-xBc-7Z1-2-g-23T4-qxGk,7
VulputateNonummyMaecenas.ppt,0K69-wUyxqXpv-4U898D48-tIh-8R4-2-p-69R7-afSi,3
VulputateUtUltrices.avi,9W48-kHqktBuw-5E938V91-iXe-0Y7-8-f-28V9-wpGh,2
eda1.mat,arboles,3
eda2.py,xdddd,3
eda3.py,plottwist,2
xd.py,hola xdxd soy gus,3
